School,Type,Year,Date,Time,City,State,City Type,Race,Killed,Injured,Victims,Longitude,Latitude,Bullied,Domestic Violence,Gang Related,Preplanned,Weapon,Weapon Source,Age,Gender_Shooter1,Shooter_Relationship1
Columbine High School,High School,1999,04/20/1999,11:19 Am,Littleton,Colorado,Unknown,Unknown,13,21,Unknown,-105.075,39.60391,Unknown,Unknown,Unknown,Unknown,"12-Gauge Savage-Springfield 67H Pump-Action Shotgun, Hi-Point 995 Carbine 9 Mm Carbine, 9_19Mm Intratec Tec-9 Semi-Automatic Handgun, 12-Gauge Stevens 311D Double-Barreled Sawed-Off Shotgun",Purchased From Friends,18.0,M,Student
Scotlandville Middle School,Middle School,1999,04/22/1999,12:30 Pm,Baton Rouge,Louisiana,Unknown,Unknown,0,1,Unknown,-91.169966,30.529958,Unknown,Unknown,Unknown,Unknown,.22 Caliber Pistol,Unknown,14.0,M,Former Student (Expelled)
Heritage High School,High School,1999,05/20/1999,8:03 Am,Conyers,Georgia,Unknown,Unknown,0,6,Unknown,-84.04796,33.626922,Unknown,Unknown,Unknown,Unknown,".22 Caliber Rifle, 357-Caliber Magnum Handgun",Unknown,15.0,M,Student
John Bartram High School,High School,1999,10/04/1999,10:00 Am,Philadelphia,Pennsylvania,Unknown,Unknown,0,1,Unknown,-75.234108,39.921509,Unknown,Unknown,Unknown,Unknown,Rg .25-Caliber Pistol,Purchased From Friend,17.0,M,Student
Dorchester High School,High School,1999,11/03/1999,7:40 Am,Boston,Massachusetts,Unknown,Unknown,0,1,Unknown,-71.075901,42.285268,Unknown,Unknown,Unknown,Unknown,Unknown,Unknown,Unknown,M,Unknown
Deming Middle School,Middle School,1999,11/19/1999,12:45 Pm,Deming,New Mexico,Unknown,Unknown,1,0,Unknown,-107.762986,32.261547,Unknown,Unknown,Unknown,Unknown,.22-Caliber Colt Revolver,Home,12.0,M,Student
Fort Gibson Middle School,Middle School,1999,12/06/1999,7:45 Am,Fort Gibson,Oklahoma,Unknown,Unknown,0,5,Unknown,-95.241921,35.795556,Unknown,Unknown,Unknown,Unknown,Taurus 9Mm Pistol,Father,13.0,M,Student
Ridgewood High School,High School,2000,01/19/2000,3:00 Pm,New Port Richey,Florida,Unknown,Unknown,1,0,Unknown,-82.687231,28.273253,Unknown,Unknown,Unknown,Unknown,.22-Caliber Magnum Handgun,Stolen,16.0,M,Student
Alicia Reyes Elementary School,Elementary School,2000,01/26/2000,8:34 Am,Merced,California,Unknown,Unknown,0,0,Unknown,-120.494808,37.286387,Unknown,Unknown,Unknown,Unknown,.22 Caliber Revolver,Unknown,13.0,M,No Connection
Duke Ellington Elementary School,Elementary School,2000,02/14/2000,Unknown,Chicago,Illinois,Unknown,Unknown,0,1,Unknown,-87.766042,41.885272,Unknown,Unknown,Unknown,Unknown,Unknown,Unknown,11.0,M,Student
Horn Lake High School,High School,2000,02/22/2000,Unknown,Horn Lake,Mississippi,Unknown,Unknown,0,0,Unknown,-90.035423,34.948919,Unknown,Unknown,Unknown,Unknown,Handgun,Unknown,Unknown,M,Unknown
Tecumseh High School,High School,2000,02/24/2000,9:00 Am,Tecumseh,Oklahoma,Unknown,Unknown,0,0,Unknown,-96.943184,35.255494,Unknown,Unknown,Unknown,Unknown,Unknown,Unknown,19.0,M,Former Boyfriend Of Student
Buell Elementary School,Elementary School,2000,02/29/2000,10:00 Am,Mount Morris Township,Michigan,Unknown,Unknown,1,0,Unknown,-83.706037,43.079604,Unknown,Unknown,Unknown,Unknown,.32-Caliber Semiautomatic Handgun,"Uncle'S Friend, Found In Open Shoebox",6.0,M,Student
Hugo High School,High School,2000,04/06/2000,12:00 Pm,Hugo,Oklahoma,Unknown,Unknown,0,1,Unknown,-95.511435,34.010732,Unknown,Unknown,Unknown,Unknown,Small-Caliber Pistol,Legally Purchased By Shooter,33.0,F,Parent Of Student
Carmichael Elementary School,Elementary School,2000,05/10/2000,1:30 Pm,Sierra Vista,Arizona,Unknown,Unknown,1,0,Unknown,-110.29924,31.56269,Unknown,Unknown,Unknown,Unknown,Unknown,Unknown,39.0,M,Spouse Of Teacher
Lake Worth Middle School,Middle School,2000,05/26/2000,3:00 Pm,Lake Worth,Florida,Unknown,Unknown,1,0,Unknown,-80.085968,26.451351,Unknown,Unknown,Unknown,Unknown,.25-Caliber Handgun,Grandfather,13.0,M,Student
Dimmitt Middle School,Middle School,2000,07/17/2000,10:30 Am,Renton,Washington,Unknown,Unknown,0,0,Unknown,-122.233115,47.493015,Unknown,Unknown,Unknown,Unknown,.22-Caliber Handgun,Grandparents,13.0,M,Student In Summer School
Mount Healthy North Junior High,Middle School,2000,09/18/2000,Unknown,Mount Healthy,Ohio,Unknown,Unknown,0,0,Unknown,-84.555558,39.251506,Unknown,Unknown,Unknown,Unknown,.380-Caliber Semiautomatic Handgun,Relatives,14.0,M,Student
Carter G. Woodson Middle School,Middle School,2000,09/26/2000,12:00 Pm,New Orleans,Louisiana,Unknown,Unknown,0,1,Unknown,-90.090046,29.939676,Unknown,Unknown,Unknown,Unknown,.38-Caliber Revolver,Unknown,13.0,M,Student
Hueneme High School,High School,2001,01/10/2001,12:50 Pm,Oxnard,California,Unknown,Unknown,0,0,Unknown,-119.1822,34.160149,Unknown,Unknown,Unknown,Unknown,Handgun,Unknown,17.0,M,Not A Student But Often Hung Around The School
Lake Clifton Eastern High School,High School,2001,01/17/2001,8:45 Am,Baltimore,Maryland,Unknown,Unknown,1,0,Unknown,-76.590038,39.316116,Unknown,Unknown,Unknown,Unknown,.32-Caliber Handgun,Unknown,19.0,M,None
Pearl C. Anderson Middle School,Middle School,2001,02/06/2001,Unknown,Dallas,Texas,Unknown,Unknown,0,1,Unknown,-96.744389,32.759323,Unknown,Unknown,Unknown,Unknown,Small Revolver,Unknown,14.0,M,Student (Suspended)
Santana High School,High School,2001,03/05/2001,9:20 Am,Santee,California,Unknown,Unknown,2,13,Unknown,-116.971045,32.85756,Unknown,Unknown,Unknown,Unknown,.22-Caliber Revolver,Father,15.0,M,Student
Bishop Neumann Junior-Senior High,Unknown,2001,03/07/2001,12:00 Pm,Williamsport,Pennsylvania,Unknown,Unknown,0,1,Unknown,-76.996564,41.249266,Unknown,Unknown,Unknown,Unknown,.22-Caliber Revolver,Father,14.0,F,Student
Granite Hills High School,High School,2001,03/22/2001,1:00 Pm,El Cajon,California,Unknown,Unknown,0,5,Unknown,-116.916889,32.800101,Unknown,Unknown,Unknown,Unknown,Mossberg Pump-Action 12-Gauge Shotgun,Unknown,18.0,M,Student
Lew Wallace High School,High School,2001,03/30/2001,8:15 Am,Gary,Indiana,Unknown,Unknown,1,0,Unknown,-87.34132,41.536645,Unknown,Unknown,Unknown,Unknown,Pistol,Unknown,17.0,M,Former Student (Expelled)
Monroe City Alternative Center,Unknown,2001,04/20/2001,7:20 Am,Monroe,Louisiana,Unknown,Unknown,0,0,Unknown,-92.070624,32.524187,Unknown,Unknown,Unknown,Unknown,.380 Caliber Semi-Automatic Pistol,Unknown,14.0,M,Student
Ennis High School,High School,2001,05/15/2001,12:00 Pm,Ennis,Texas,Unknown,Unknown,0,0,Unknown,-96.629758,32.305062,Unknown,Unknown,Unknown,Unknown,.357 Magnum Pistol,Unknown,16.0,M,Student
Belmont High School,High School,2001,07/30/2001,7:20 Am,Los Angeles,California,Unknown,Unknown,0,1,Unknown,-118.263286,34.061499,Unknown,Unknown,Unknown,Unknown,Revolver,Unknown,Unknown,M,Unknown
Latonia Elementary School,Elementary School,2001,09/12/2001,3:00 Pm,Covington,Kentucky,Unknown,Unknown,1,0,Unknown,-84.49833,39.044149,Unknown,Unknown,Unknown,Unknown,.380-Caliber Semiautomatic Pistol,Unknown,30.0,F,Parent Of Student
Redondo Union High School,High School,2001,10/26/2001,10:00 Am,Redondo Beach,California,Unknown,Unknown,0,1,Unknown,-118.384456,33.844274,Unknown,Unknown,Unknown,Unknown,.38-Caliber Handgun,Unknown,16.0,M,Student
Caro Learning Center,Unknown,2001,11/12/2001,2:40 Pm,Caro,Michigan,Unknown,Unknown,0,0,Unknown,-83.438553,43.458011,Unknown,Unknown,Unknown,Unknown,20-Guage Shotgun,Legally Purchased By Shooter,17.0,M,Student
"Martin Luther King, Jr. High School",High School,2002,01/15/2002,2:00 Pm,New York City,New York,Unknown,Unknown,0,2,Unknown,-73.985021,40.774262,Unknown,Unknown,Unknown,Unknown,Lorcin .380-Caliber Semiautomatic Pistol,Illegally Purchased,17.0,M,Student
Gardena High School,High School,2002,02/06/2002,2:50 Pm,Los Angeles,California,Unknown,Unknown,0,2,Unknown,-118.296704,33.866342,Unknown,Unknown,Unknown,Unknown,Pistol,Unknown,17.0,M,Student
Benjamin Tasker Middle School,Middle School,2002,10/07/2002,8:09 Am,Bowie,Maryland,Unknown,Unknown,0,1,Unknown,-76.746341,38.957407,Unknown,Unknown,Unknown,Unknown,Bushmaster Xm-15 Rifle,Stolen,Unknown,M,None
Lincoln High School,High School,2002,10/29/2002,8:30 Am,Jersey City,New Jersey,Unknown,Unknown,0,1,Unknown,-74.070502,40.716783,Unknown,Unknown,Unknown,Unknown,Browning .380-Caliber Pistol,Unknown,15.0,M,Student
St. James Catholic School,Unknown,2002,11/07/2002,12:30 Pm,Liberty,Missouri,Unknown,Unknown,1,1,Unknown,-94.45515,39.240746,Unknown,Unknown,Unknown,Unknown,Revolver,Legally Purchased By Shooter,41.0,M,Parent Of Student
Mount Pleasant High School,High School,2003,01/22/2003,Unknown,Providence,Rhode Island,Unknown,Unknown,0,0,Unknown,-71.45125,41.837981,Unknown,Unknown,Unknown,Unknown,22-Caliber Semi-Automatic,Unknown,Unknown,M,Student
Ranum High School,High School,2003,02/05/2003,8:40 Am,Westminster,Colorado,Unknown,Unknown,0,0,Unknown,-105.015495,39.841774,Unknown,Unknown,Unknown,Unknown,Small Semi-Automatic Handgun,Unknown,14.0,M,Student
Cardozo High School,High School,2003,04/01/2003,12:15 Pm,Washington,District Of Columbia,Unknown,Unknown,0,1,Unknown,-77.029756,38.922338,Unknown,Unknown,Unknown,Unknown,Handgun,Unknown,15.0,M,Student
John Mcdonogh High School,High School,2003,04/14/2003,10:30 Am,New Orleans,Louisiana,Unknown,Unknown,1,3,Unknown,-90.075733,29.974421,Unknown,Unknown,Unknown,Unknown,Ak-47 And Semiautomatic Pistol,Unknown,19.0,M,None
Delhi Middle School,Middle School,2003,04/15/2003,8:15 Am,Delhi,California,Unknown,Unknown,0,1,Unknown,-120.792392,37.426801,Unknown,Unknown,Unknown,Unknown,Handgun,Unknown,Unknown,M,Unknown
Red Lion Area Junior High School,Middle School,2003,04/24/2003,7:30 Am,Red Lion,Pennsylvania,Unknown,Unknown,1,0,Unknown,-76.609728,39.893809,Unknown,Unknown,Unknown,Unknown,".44-Caliber Handgun, .22-Caliber Gun To Kill Himself",Stepfather,14.0,M,Student
Vicksburg High School,High School,2003,09/10/2003,2:30 Pm,Vicksburg,Mississippi,Unknown,Unknown,1,0,Unknown,-90.885251,32.323263,Unknown,Unknown,Unknown,Unknown,Handgun,Unknown,20.0,M,Unknown
Lewis And Clark High School,High School,2003,09/22/2003,11:10 Am,Spokane,Washington,Unknown,Unknown,0,0,Unknown,-117.419841,47.652394,Unknown,Unknown,Unknown,Unknown,9 Millimeter Semiautomatic Pistol,Home,16.0,M,Student
Rocori High School,High School,2003,09/24/2003,11:38 Am,Cold Spring,Minnesota,Unknown,Unknown,2,0,Unknown,-94.426618,45.466258,Unknown,Unknown,Unknown,Unknown,.22 Caliber Pistol,Father,15.0,M,Student
Burns Middle School,Middle School,2003,09/25/2003,8:00 Am,Lawndale,North Carolina,Unknown,Unknown,0,0,Unknown,-81.539104,35.425762,Unknown,Unknown,Unknown,Unknown,9Mm Handgun,Unknown,13.0,M,Student
Rio Cazadero High School,High School,2003,10/01/2003,9:00 Am,Sacramento,California,Unknown,Unknown,0,2,Unknown,-121.435306,38.469639,Unknown,Unknown,Unknown,Unknown,Officer Weapons,Police,Unknown,M,Multiple Officers
East Mecklenburg High School,High School,2003,11/13/2003,11:45 Am,Charlotte,North Carolina,Unknown,Unknown,0,1,Unknown,-80.756579,35.175976,Unknown,Unknown,Unknown,Unknown,.25-Caliber Handgun,Unknown,15.0,M,Student
Ballou High School,High School,2004,02/02/2004,10:30 Am,Washington,District Of Columbia,Unknown,Unknown,1,1,Unknown,-77.001667,38.839005,Unknown,Unknown,Unknown,Unknown,.380-Caliber Pistol,Puchased By Shooter And Friends,18.0,M,Student
Columbia High School,High School,2004,02/09/2004,10:30 Am,East Greenbush,New York,Unknown,Unknown,0,1,Unknown,-73.690848,42.62068,Unknown,Unknown,Unknown,Unknown,12-Gauge Winchester Shotgun,Unknown,16.0,M,Student
T.M. Peirce Elementary School,Elementary School,2004,02/11/2004,8:30 Am,Philadelphia,Pennsylvania,Unknown,Unknown,1,1,Unknown,-75.168248,39.998621,Unknown,Unknown,Unknown,Unknown,"Carbine Rifle, Assault Weapon",Unknown,19.0,M,None
Castlemont High School,High School,2004,06/09/2004,12:22 Pm,Oakland,California,Unknown,Unknown,0,2,Unknown,-122.16302,37.75982,Unknown,Unknown,Unknown,Unknown,Unknown,Unknown,Unknown,Unknown,Unknown
Proviso East High School,High School,2004,08/30/2004,2:30 Pm,Maywood,Illinois,Unknown,Unknown,1,0,Unknown,-87.83382,41.88062,Unknown,Unknown,Unknown,Unknown,Handgun,Unknown,Unknown,M,None
Wirt High School,High School,2004,09/15/2004,Unknown,Gary,Indiana,Unknown,Unknown,0,0,Unknown,-87.26145,41.60997,Unknown,Unknown,Unknown,Unknown,Handgun,Unknown,Unknown,M,Student
Thurgood Marshall High School,High School,2004,10/21/2004,4:00 Pm,Baltimore,Maryland,Unknown,Unknown,0,2,Unknown,-76.54552,39.31911,Unknown,Unknown,Unknown,Unknown,Handgun,Unknown,16.0,M,Student
Booker T. Washington High School,High School,2004,11/12/2004,12:00 Pm,New Orleans,Louisiana,Unknown,Unknown,0,1,Unknown,-90.08893,29.94966,Unknown,Unknown,Unknown,Unknown,.38-Caliber Revolver,Department Issued,28.0,F,Security Guard
Emmanuel Christian Academy,Unknown,2004,12/07/2004,3:00 Pm,Jackson,Mississippi,Unknown,Unknown,0,1,Unknown,-90.196049,32.288835,Unknown,Unknown,Unknown,Unknown,.22 Caliber Handgun,Unknown,28.0,F,Unknown
Woodruff High School,High School,2005,01/26/2005,Unknown,Peoria,Illinois,Unknown,Unknown,0,0,Unknown,-89.57513,40.70725,Unknown,Unknown,Unknown,Unknown,Handgun,Unknown,15.0,M,Student
Bowen High School,High School,2005,02/08/2005,2:32 Pm,Chicago,Illinois,Unknown,Unknown,0,1,Unknown,-87.557742,41.73354,Unknown,Unknown,Unknown,Unknown,Unknown,Unknown,Unknown,Unknown,Unknown
Maplewood Comprehensive High School,High School,2005,03/09/2005,2:00 Pm,Nashville,Tennessee,Unknown,Unknown,0,1,Unknown,-86.74568,36.22912,Unknown,Unknown,Unknown,Unknown,Handgun,Unknown,16.0,M,Former Student (Expelled)
Red Lake High School,High School,2005,03/21/2005,2:49 Pm,Red Lake,Minnesota,Unknown,Unknown,7,7,Unknown,-95.0629,47.8509,Unknown,Unknown,Unknown,Unknown,".40 Caliber Glock 23 Pistol, 870 12 Gauge Pump-Action Shotgun",Grandfather,16.0,M,Former Student
Canton High School,High School,2005,04/07/2005,9:20 Am,Canton,Texas,Unknown,Unknown,0,1,Unknown,-95.86617,32.54958,Unknown,Unknown,Unknown,Unknown,.45-Caliber Pistol,Legally Purchased By Shooter,45.0,M,Father Of Football Player
Highland Elementary School,Elementary School,2005,05/17/2005,3:00 Pm,Lower Allen Township,Pennsylvania,Unknown,Unknown,1,0,Unknown,-76.95256,40.21999,Unknown,Unknown,Unknown,Unknown,9 Mm Semiautomatic Handgun,Unknown,47.0,M,Dating Mother Of Student
Maury Middle School,Middle School,2005,08/25/2005,9:30 Am,Jacksboro,Tennessee,Unknown,Unknown,0,1,Unknown,-83.4041,36.0213,Unknown,Unknown,Unknown,Unknown,".38-Caliber Smith & Wesson, .22-Caliber Handgun",Guardian (Uncle),14.0,M,Student
Sojourner Truth High School,High School,2005,09/02/2005,12:50 Pm,Jacksonville,Florida,Unknown,Unknown,0,1,Unknown,-81.61618,30.27037,Unknown,Unknown,Unknown,Unknown,Handgun,Unknown,Unknown,M,Unknown
Harlan Community Academy High School,High School,2005,09/13/2005,2:20 Pm,Chicago,Illinois,Unknown,Unknown,0,1,Unknown,-87.62085,41.7184,Unknown,Unknown,Unknown,Unknown,.25-Caliber Handgun,Unknown,15.0,M,Student
Farmington High School,High School,2005,10/11/2005,8:00 Am,Farmington,Missouri,Unknown,Unknown,0,0,Unknown,-90.43619,37.78108,Unknown,Unknown,Unknown,Unknown,Single-Shot Shotgun,Father,17.0,M,Student
Saginaw High School,High School,2005,10/20/2005,12:00 Pm,Saginaw,Michigan,Unknown,Unknown,0,1,Unknown,-83.92541,43.40713,Unknown,Unknown,Unknown,Unknown,.380-Caliber Handgun,Stolen,15.0,M,Student
Campbell County High School,High School,2005,11/08/2005,2:00 Pm,Jacksboro,Tennessee,Unknown,Unknown,1,2,Unknown,-84.14832,36.35086,Unknown,Unknown,Unknown,Unknown,.22-Caliber Pistol,Unknown,15.0,M,Student
Central High School,High School,2005,12/06/2005,1:30 Pm,Detroit,Michigan,Unknown,Unknown,0,1,Unknown,-83.11269,42.38469,Unknown,Unknown,Unknown,Unknown,Unknown,Unknown,18.0,M,Unknown
Mary Mcleod Bethune Academy,Unknown,2006,01/11/2006,12:30 Pm,Milwaukee,Wisconsin,Unknown,Unknown,0,1,Unknown,-87.95774,43.05063,Unknown,Unknown,Unknown,Unknown,Unknown,Unknown,18.0,M,Unknown
Milwee Middle School,Middle School,2006,01/13/2006,9:30 Am,Longwood,Florida,Unknown,Unknown,1,0,Unknown,-81.34669,28.68172,Unknown,Unknown,Unknown,Unknown,High-Powered Rifle,Police Issued,Unknown,M,Swat Officer
Indian River High School,High School,2006,01/18/2006,11:00 Am,Chesapeake,Virginia,Unknown,Unknown,0,0,Unknown,-76.24185,36.79721,Unknown,Unknown,Unknown,Unknown,Unknown,Unknown,19.0,M,Unknown
Will C. Wood High School,High School,2006,01/23/2006,9:45 Am,Vacaville,California,Unknown,Unknown,0,1,Unknown,-121.97421,38.34635,Unknown,Unknown,Unknown,Unknown,Small Revolver,Unknown,14.0,M,Student
Lakeview Centennial High School,High School,2006,01/27/2006,Unknown,Garland,Texas,Unknown,Unknown,0,2,Unknown,-96.57589,32.85566,Unknown,Unknown,Unknown,Unknown,Small-Caliber Semiautomatic Handgun,Unknown,16.0,M,Student
Westinghouse High School,High School,2006,02/21/2006,7:45 Am,Pittsburgh,Pennsylvania,Unknown,Unknown,0,1,Unknown,-79.90059,40.4607,Unknown,Unknown,Unknown,Unknown,Ak-47,Unknown,23.0,M,Unknown
Roseburg High School,High School,2006,02/23/2006,7:45 Am,Roseburg,Oregon,Unknown,Unknown,0,1,Unknown,-123.34712,43.208,Unknown,Unknown,Unknown,Unknown,Large-Caliber Handgun With Hollow-Point Bullets,Unknown,14.0,M,Student
Pine Middle School,Middle School,2006,03/14/2006,9:00 Am,Reno,Nevada,Unknown,Unknown,0,2,Unknown,-119.78186,39.47981,Unknown,Unknown,Unknown,Unknown,.38-Caliber Pistol,Father,14.0,M,Student
Venice High School,High School,2006,06/05/2006,3:10 Pm,Los Angeles,California,Unknown,Unknown,1,0,Unknown,-118.44282,33.99881,Unknown,Unknown,Unknown,Unknown,Handgun,Unknown,21.0,M,Unknown
Orange High School,High School,2006,08/30/2006,1:00 Pm,Hillsborough,North Carolina,Unknown,Unknown,0,2,Unknown,-79.09337,36.09233,Unknown,Unknown,Unknown,Unknown,"9 Mm Rifle, A Mossburg 12-Gauge Sawed-Off Shotgun",Unknown,19.0,M,Former Student
South Hills High School,High School,2006,09/08/2006,1:20 Pm,Fort Worth,Texas,Unknown,Unknown,0,1,Unknown,-97.36,32.65726,Unknown,Unknown,Unknown,Unknown,Handgun,Police Issued Weapon,Unknown,M,Resource Officer
Platte Canyon High School,High School,2006,09/27/2006,11:40 Am,Bailey,Colorado,Unknown,Unknown,1,0,Unknown,-105.64543,39.45566,Unknown,Unknown,Unknown,Unknown,".40 S&W Caliber Glock 22 Pistol, Smith & Wesson .357-Caliber Revolver",Unknown,53.0,M,Unknown
Weston High School,High School,2006,09/29/2006,8:10 Am,Cazenovia,Wisconsin,Unknown,Unknown,1,0,Unknown,-90.19016,43.48211,Unknown,Unknown,Unknown,Unknown,"Long-Barrel Shotgun, 22-Pistol",Father,15.0,M,Student
West Nickel Mines Amish School,Unknown,2006,10/02/2006,11:07 Am,Nickel Mines,Pennsylvania,Unknown,Unknown,5,5,Unknown,-76.084367,39.960081,Unknown,Unknown,Unknown,Unknown,"9Mm Handgun, A Shotgun, A 30.06 Rifle",Purchased Legally By Shooter,32.0,M,None; Worked In Community
Memorial Middle School,Middle School,2006,10/09/2006,7:45 Am,Joplin,Missouri,Unknown,Unknown,0,0,Unknown,-94.51586,37.08277,Unknown,Unknown,Unknown,Unknown,Mac 90 7.26 Mm Assault Rifle,Parent,13.0,M,Student
Henry Foss High School,High School,2007,01/03/2007,7:30 Am,Tacoma,Washington,Unknown,Unknown,1,0,Unknown,-122.49364,47.24114,Unknown,Unknown,Unknown,Unknown,Handgun,Unknown,18.0,M,Student
Robert A. Taft Information Technology High School,High School,2007,01/08/2007,10:45 Am,Cincinnati,Ohio,Unknown,Unknown,0,0,Unknown,-84.52183,39.10911,Unknown,Unknown,Unknown,Unknown,Unknown,Unknown,16.0,M,Student
William L.Sayre High School,High School,2007,01/18/2007,8:25 Am,Philadelphia,Pennsylvania,Unknown,Unknown,0,1,Unknown,-75.2374,39.95793,Unknown,Unknown,Unknown,Unknown,9 Mm Semi-Automatic Ruger,Unknown,Unknown,M,Unknown
Herbert Henry Dow High School,High School,2007,03/07/2007,10:57 Am,Midland,Michigan,Unknown,Unknown,0,1,Unknown,-84.27414,43.64091,Unknown,Unknown,Unknown,Unknown,.44 Caliber Handgun,Unknown,17.0,M,Girlfriend Was Student
Chicago Vocational Career Academy,Unknown,2007,04/09/2007,2:30 Pm,Chicago,Illinois,Unknown,Unknown,0,1,Unknown,-87.57236,41.7372,Unknown,Unknown,Unknown,Unknown,9Mm Handgun,Unknown,15.0,M,Student
Springwater Trail High School,High School,2007,04/10/2007,2:15 Pm,Gresham,Oregon,Unknown,Unknown,0,10,Unknown,-122.40894,45.48655,Unknown,Unknown,Unknown,Unknown,.270 Winchester Rifle With Scope,Stepfather,15.0,M,Student
Liberty Memorial Middle School,Middle School,2007,05/15/2007,10:00 Am,Los Fresnos,Texas,Unknown,Unknown,0,0,Unknown,-97.5108,26.1106,Unknown,Unknown,Unknown,Unknown,.38 Semiautomatic Handgun,Father,14.0,M,Student
George S. Middleton High School,High School,2007,06/06/2007,12:00 Pm,Tampa,Florida,Unknown,Unknown,0,0,Unknown,-82.43267,27.99133,Unknown,Unknown,Unknown,Unknown,.22-Caliber Handgun,Unknown,17.0,M,Former Student
Successtech Academy,Unknown,2007,10/10/2007,1:15 Pm,Cleveland,Ohio,Unknown,Unknown,0,4,Unknown,-81.6869,41.50762,Unknown,Unknown,Unknown,Unknown,".22-Caliber Revolver, .38-Caliber Revolver",Unknown,14.0,M,Student
Groves High School,High School,2007,10/15/2007,2:45 Pm,Garden City,Georgia,Unknown,Unknown,0,0,Unknown,-81.15661,32.10841,Unknown,Unknown,Unknown,Unknown,Unknown,Unknown,Unknown,M,Unknown
Crossroads Charter High School,High School,2008,01/16/2008,10:15 Am,Charlotte,North Carolina,Unknown,Unknown,0,1,Unknown,-80.77591,35.26039,Unknown,Unknown,Unknown,Unknown,Unknown,Unknown,16.0,M,Student
Hamilton High School,High School,2008,02/04/2008,10:00 Am,Memphis,Tennessee,Unknown,Unknown,0,1,Unknown,-90.0174,35.10069,Unknown,Unknown,Unknown,Unknown,380-Caliber Handgun,Unknown,16.0,M,Student
Notre Dame Elementary School,Elementary School,2008,02/07/2008,9:12 Am,Portsmouth,Ohio,Unknown,Unknown,0,1,Unknown,-82.986607,38.735563,Unknown,Unknown,Unknown,Unknown,Unknown,Unknown,56.0,M,Spouse Of Teacher
Mitchell High School,High School,2008,02/11/2008,9:00 Am,Memphis,Tennessee,Unknown,Unknown,0,1,Unknown,-90.08589,35.05595,Unknown,Unknown,Unknown,Unknown,.22-Caliber Pistol,Purchased From Someone In Apartment Complex,17.0,M,Student
E.O. Green Junior High School,Middle School,2008,02/12/2008,8:15 Am,Oxnard,California,Unknown,Unknown,1,0,Unknown,-119.1814,34.16568,Unknown,Unknown,Unknown,Unknown,.22-Caliber Handgun,Relative,14.0,M,Student
Friends Of Children Head Start Center,Unknown,2008,03/18/2008,1:00 Pm,Carthage,Mississippi,Unknown,Unknown,1,1,Unknown,Unknown,Unknown,Unknown,Unknown,Unknown,Unknown,.45-Caliber Handgun,Unknown,23.0,Unknown,Unknown
Roosevelt High School,High School,2008,04/16/2008,11:54 Am,Fresno,California,Unknown,Unknown,1,0,Unknown,-119.7537,36.74302,Unknown,Unknown,Unknown,Unknown,Pistol,Department Issued,38.0,M,Resource Officer
Central High School,High School,2008,08/21/2008,8:10 Am,Knoxville,Tennessee,Unknown,Unknown,1,0,Unknown,-83.9216,36.0392,Unknown,Unknown,Unknown,Unknown,"Small-Caliber, Semiautomatic Pistol",Unknown,15.0,M,Student
Dillard High School,High School,2008,11/12/2008,11:00 Am,Fort Lauderdale,Florida,Unknown,Unknown,1,0,Unknown,-80.176,26.1383,Unknown,Unknown,Unknown,Unknown,.22-Caliber Semi-Automatic Handgun,Family Member,15.0,F,Student
Central High School,High School,2009,02/17/2009,2:00 Pm,Detroit,Michigan,Unknown,Unknown,0,2,Unknown,-83.1115,42.3837,Unknown,Unknown,Unknown,Unknown,Handgun,Unknown,17.0,M,Non-Student
John Muir Elementary School,Elementary School,2009,02/20/2009,12:00 Pm,Hayward,California,Unknown,Unknown,0,0,Unknown,-122.083,37.6566,Unknown,Unknown,Unknown,Unknown,Shotgun,Unknown,Unknown,H,Unknown
Ribault High School,High School,2009,03/10/2009,7:22 Am,Jacksonville,Florida,Unknown,Unknown,0,0,Unknown,-81.707,30.3895,Unknown,Unknown,Unknown,Unknown,Unknown,Unknown,Unknown,Unknown,Unknown
Larose-Cut Off Middle School,Middle School,2009,05/18/2009,9:00 Am,Larose,Louisiana,Unknown,Unknown,0,0,Unknown,-90.3295,29.5004,Unknown,Unknown,Unknown,Unknown,25-Caliber Nickel Plate Semi-Automatic,Father,15.0,M,Student
Stamford Academy,Unknown,2009,09/08/2009,8:05 Am,Stamford,Connecticut,Unknown,Unknown,0,0,Unknown,-73.536464,41.059329,Unknown,Unknown,Unknown,Unknown,.22-Caliber Pistol,Unknown,16.0,M,Student
Virginia Randolph Community High School,High School,2009,09/16/2009,12:30 Pm,Glen Allen,Virginia,Unknown,Unknown,0,0,Unknown,-77.483135,37.661586,Unknown,Unknown,Unknown,Unknown,.40-Caliber Handgun,Unknown,16.0,M,Student
Mattituck Junior-Senior High School,High School,2009,10/08/2009,2:00 Pm,Mattituck,New York,Unknown,Unknown,0,1,Unknown,-72.529205,40.996241,Unknown,Unknown,Unknown,Unknown,22-Caliber Rifle,Mother,28.0,M,Unknown
Carolina Forest High School,High School,2009,10/16/2009,8:25 Am,Conway,South Carolina,Unknown,Unknown,1,0,Unknown,-78.97152,33.780761,Unknown,Unknown,Unknown,Unknown,.40 Caliber Glock,Department Issued,Unknown,M,School Resource Officer
Booker T. Washington High School,High School,2009,12/11/2009,8:10 Am,Shreveport,Louisiana,Unknown,Unknown,0,1,Unknown,-93.77398,32.503605,Unknown,Unknown,Unknown,Unknown,Handgun,Unknown,28.0,M,Ex-Boyfriend Of Student
Discovery Middle School,Middle School,2010,02/05/2010,1:45 Pm,Madison,Alabama,Unknown,Unknown,1,0,Unknown,-86.741148,34.740322,Unknown,Unknown,Unknown,Unknown,.22-Caliber Pistol,Friend'S Home,14.0,M,Student
Deer Creek Middle School,Middle School,2010,02/23/2010,3:14 Pm,Littleton,Colorado,Unknown,Unknown,0,2,Unknown,-105.102,39.5869,Unknown,Unknown,Unknown,Unknown,Hunting Rifle,Unknown,32.0,M,Unknown
Woodrow Wilson High School,High School,2010,04/28/2010,12:15 Pm,Portsmouth,Virginia,Unknown,Unknown,0,0,Unknown,-76.381349,36.815009,Unknown,Unknown,Unknown,Unknown,Handgun,Unknown,15.0,M,Student
South Gate High School,High School,2010,05/18/2010,7:51 Am,South Gate,California,Unknown,Unknown,0,1,Unknown,-118.209757,33.954604,Unknown,Unknown,Unknown,Unknown,Unknown,Unknown,15.0,M,Student
Sullivan Central High School,High School,2010,08/30/2010,9:10 Am,Blountville,Tennessee,Unknown,Unknown,1,0,Unknown,-82.387049,36.531336,Unknown,Unknown,Unknown,Unknown,Handgun,Department Issued,Unknown,Unknown,Police Officer
Socastee High School,High School,2010,09/21/2010,2:00 Pm,Conway,South Carolina,Unknown,Unknown,0,1,Unknown,-79.004328,33.6788,Unknown,Unknown,Unknown,Unknown,Revolver,Parent,14.0,M,Student
Alisal High School,High School,2010,10/01/2010,7:53 Am,Salinas,California,Unknown,Unknown,1,0,Unknown,-121.595961,36.686184,Unknown,Unknown,Unknown,Unknown,Unknown,Unknown,Unknown,M,Unknown
Kelly Elementary School,Elementary School,2010,10/08/2010,12:00 Pm,Carlsbad,California,Unknown,Unknown,0,2,Unknown,-117.311227,33.14836,Unknown,Unknown,Unknown,Unknown,.357-Caliber Magnum Revolver,Unknown,41.0,M,None
Marinette High School,High School,2010,11/29/2010,1:30 Pm,Marinette,Wisconsin,Unknown,Unknown,0,0,Unknown,-87.629512,45.084351,Unknown,Unknown,Unknown,Unknown,Handgun,Unknown,15.0,M,Student
Millard South High School,High School,2011,01/05/2011,12:45 Pm,Omaha,Nebraska,Unknown,Unknown,1,2,Unknown,-96.146049,41.203481,Unknown,Unknown,Unknown,Unknown,Glock .40-Caliber S&W Pistol,Father,17.0,M,Student
Gardena High School,High School,2011,01/18/2011,10:40 Am,Los Angeles,California,Unknown,Unknown,0,2,Unknown,-118.29633,33.866372,Unknown,Unknown,Unknown,Unknown,9-Mm Beretta Handgun,Unknown,17.0,M,Student
Louisiana Schnell Elementary School,Elementary School,2011,02/02/2011,10:37 Am,Placerville,California,Unknown,Unknown,1,0,Unknown,-120.779419,38.735106,Unknown,Unknown,Unknown,Unknown,.357-Caliber Revolver,Legally Purchased By Shooter,44.0,M,Janitor
Martinsville West Middle,Unknown,2011,03/25/2011,7:00 Am,Martinsville,Indiana,Unknown,Unknown,0,1,Unknown,-86.427053,39.420621,Unknown,Unknown,Unknown,Unknown,9Mm Handgun,Friend'S Home,15.0,M,Former Student (Expelled)
Sheeler Charter High School,High School,2011,04/13/2011,12:00 Pm,Apopka,Florida,Unknown,Unknown,0,1,Unknown,-81.494124,28.673157,Unknown,Unknown,Unknown,Unknown,Unknown,Unknown,17.0,M,Unknown
Ross Elementary School,Elementary School,2011,04/19/2011,10:20 Am,Houston,Texas,Unknown,Unknown,0,2,Unknown,-95.341835,29.800326,Unknown,Unknown,Unknown,Unknown,.380-Caliber Semi-Automatic,"Mother'S Friend, Home Shooter Was Staying",6.0,M,Student
Cape Fear High School,High School,2011,10/24/2011,1:00 Pm,Fayetteville,North Carolina,Unknown,Unknown,0,1,Unknown,-78.762384,35.034044,Unknown,Unknown,Unknown,Unknown,.22-Caliber Daisy Rifle,Unknown,15.0,M,Student
Cummings Middle School,Middle School,2012,01/04/2012,8:00 Am,Brownsville,Texas,Unknown,Unknown,1,0,Unknown,-97.493734,25.913899,Unknown,Unknown,Unknown,Unknown,Unknown,Department Issued,Unknown,M,Police Officer
North Forest High School,High School,2012,01/10/2012,12:30 Pm,Houston,Texas,Unknown,Unknown,0,1,Unknown,-95.26259,29.868788,Unknown,Unknown,Unknown,Unknown,Handgun,Unknown,18.0,M,Student
Walpole Elementary School,Elementary School,2012,02/10/2012,11:00 Am,Walpole,New Hampshire,Unknown,Unknown,0,0,Unknown,-72.426439,43.078915,Unknown,Unknown,Unknown,Unknown,20-Gauge Shotgun,Unknown,14.0,M,Student
Armin Jahr Elementary School,Elementary School,2012,02/22/2012,1:30 Pm,Bremerton,Washington,Unknown,Unknown,0,1,Unknown,-122.63622,47.593761,Unknown,Unknown,Unknown,Unknown,.45 Caliber Handgun,Mother,9.0,M,Student
Chardon High School,High School,2012,02/27/2012,7:30 Am,Chardon,Ohio,Unknown,Unknown,3,3,Unknown,-81.199958,41.591297,Unknown,Unknown,Unknown,Unknown,Ruger Mk Iii .22 Caliber Semi-Automatic Handgun,Uncle,17.0,M,"Student At Neighboring School, Rode Bus With Some Victims"
Episcopal School Of Jacksonville,Unknown,2012,03/06/2012,1:15 Pm,Jacksonville,Florida,Unknown,Unknown,1,0,Unknown,-81.617917,30.308617,Unknown,Unknown,Unknown,Unknown,Ak-47 Assault-Style Rifle,Legally Purchased At Gun Show,28.0,M,Fired Teacher
Leflore High School,High School,2012,03/15/2012,10:50 Am,Mobile,Alabama,Unknown,Unknown,0,0,Unknown,-88.086526,30.714209,Unknown,Unknown,Unknown,Unknown,Handgun,Unknown,16.0,M,Suspended Student From Different Campus
Mary Scroggs Elementary School,Elementary School,2012,05/25/2012,2:00 Pm,Chapel Hill,North Carolina,Unknown,Unknown,1,0,Unknown,-79.068506,35.879122,Unknown,Unknown,Unknown,Unknown,Charter Arms .44 Bulldog Revolver,Unknown,49.0,M,Parent Of Students
Perry Hall High School,High School,2012,08/27/2012,10:45 Am,Baltimore,Maryland,Unknown,Unknown,0,1,Unknown,-76.466091,39.39186,Unknown,Unknown,Unknown,Unknown,Shotgun,Unknown,15.0,M,Student
Normal Community High School,High School,2012,09/07/2012,8:00 Am,Normal,Illinois,Unknown,Unknown,0,0,Unknown,-88.914486,40.533285,Unknown,Unknown,Unknown,Unknown,.22-Caliber Ruger Pistol,Unknown,14.0,M,Student
Sandy Hook Elementary School,Elementary School,2012,12/14/2012,9:35 Am,Newtown,Connecticut,Unknown,Unknown,26,2,Unknown,-73.277751,41.41978,Unknown,Unknown,Unknown,Unknown,Bushmaster Xm15-E2S Rifle,Mother,20.0,M,Former Student
Apostolic Revival Center And Christian School,Unknown,2013,01/07/2013,11:00 Am,Fort Myers,Florida,Unknown,Unknown,1,0,Unknown,-81.834212,26.64062,Unknown,Unknown,Unknown,Unknown,Unknown,Unknown,Unknown,Unknown,Unknown
Taft Union High School,High School,2013,01/10/2013,9:00 Am,Taft,California,Unknown,Unknown,0,2,Unknown,-119.460383,35.146256,Unknown,Unknown,Unknown,Unknown,12-Gauge Shotgun,Older Brother,16.0,M,Student
Price Middle School,Middle School,2013,01/31/2013,1:50 Pm,Atlanta,Georgia,Unknown,Unknown,0,1,Unknown,-84.387442,33.708772,Unknown,Unknown,Unknown,Unknown,Small-Caliber Handgun,Unknown,15.0,M,Student
La Salle High School,High School,2013,04/29/2013,8:00 Am,Cincinnati,Ohio,Unknown,Unknown,0,0,Unknown,-84.586704,39.189162,Unknown,Unknown,Unknown,Unknown,.45-Caliber Semi-Automatic Handgun,Family Member,17.0,M,Student
Redland Middle School,Middle School,2013,05/23/2013,Unknown,Homestead,Florida,Unknown,Unknown,0,1,Unknown,-80.453001,25.5369,Unknown,Unknown,Unknown,Unknown,.38 Caliber Handgun,Unknown,11.0,M,Student
Ronald E. Mcnair Discovery Learning Academy,Unknown,2013,08/20/2013,12:51 Pm,Decatur,Georgia,Unknown,Unknown,0,0,Unknown,-84.3068,33.7273,Unknown,Unknown,Unknown,Unknown,".762-Caliber Ak-47-Style Weapon, Manufactured By Romarm/Cugar",Acquaintence Of Shooter,20.0,M,None Apparent
Carver High School,High School,2013,08/30/2013,2:25 Pm,Winston-Salem,North Carolina,Unknown,Unknown,0,1,Unknown,-80.2066,36.1343,Unknown,Unknown,Unknown,Unknown,.38 Caliber Handgun,Unknown,18.0,M,Student
Agape Christian Academy,Unknown,2013,10/04/2013,2:00 Pm,Pine Hills,Florida,Unknown,Unknown,0,2,Unknown,-81.475051,28.57586,Unknown,Unknown,Unknown,Unknown,Unknown,Unknown,Unknown,Unknown,None
Lanier High School,High School,2013,10/15/2013,12:04 Pm,Austin,Texas,Unknown,Unknown,0,0,Unknown,-97.708,30.3606,Unknown,Unknown,Unknown,Unknown,Handgun,Unknown,16.0,M,Student
Sparks Middle School,Middle School,2013,10/21/2013,7:15 Am,Sparks,Nevada,Unknown,Unknown,1,2,Unknown,-119.7694,39.5517,Unknown,Unknown,Unknown,Unknown,Ruger Sr9C Semi-Automatic Handgun (9Mm),Father,12.0,M,Student
Newman Elementary School,Elementary School,2013,10/23/2013,11:14 Am,Chino,California,Unknown,Unknown,0,3,Unknown,-117.7144,34.0271,Unknown,Unknown,Unknown,Unknown,Ar-15,Police Weapon,8.0,M,Student
West Orange High School,High School,2013,12/04/2013,1:15 Pm,Winter Garden,Florida,Unknown,Unknown,0,1,Unknown,-81.5673,28.5428,Unknown,Unknown,Unknown,Unknown,Unknown,Unknown,17.0,M,Student
Arapahoe High School,High School,2013,12/13/2013,12:30 Pm,Centennial,Colorado,Unknown,Unknown,1,0,Unknown,-104.9628,39.5817,Unknown,Unknown,Unknown,Unknown,Savage Arms Stevens Model 320 Pump-Action Shotgun,Legally Purchased By Shooter At Cabela'S,18.0,M,Student
Liberty Technology Magnet High School,High School,2014,01/09/2014,2:21 Pm,Jackson,Tennessee,Unknown,Unknown,0,1,Unknown,-88.7593,35.675,Unknown,Unknown,Unknown,Unknown,Handgun,Unknown,16.0,M,Student
Berrendo Middle School,Middle School,2014,01/14/2014,7:30 Am,Roswell,New Mexico,Unknown,Unknown,0,3,Unknown,-104.5115,33.4736,Unknown,Unknown,Unknown,Unknown,Shotgun,Unknown,12.0,M,Student
King Elementary School,Elementary School,2014,01/15/2014,2:48 Pm,Lancaster,Pennsylvania,Unknown,Unknown,0,0,Unknown,-76.2998,40.0344,Unknown,Unknown,Unknown,Unknown,Handgun,Unknown,Unknown,Unknown,Unknown
Delaware Valley Charter School,Unknown,2014,01/17/2014,3:20 Pm,Philadelphia,Pennsylvania,Unknown,Unknown,0,2,Unknown,-75.1446,40.0331,Unknown,Unknown,Unknown,Unknown,Handgun,Purchased From Friend,17.0,M,Student
Rebound High School,High School,2014,01/27/2014,12:00 Pm,Carbondale,Illinois,Unknown,Unknown,0,1,Unknown,-89.227812,37.727439,Unknown,Unknown,Unknown,Unknown,Handgun,Unknown,18.0,M,Student
President Theodore Roosevelt High,Unknown,2014,01/28/2014,8:30 Am,Honolulu,Hawaii,Unknown,Unknown,0,1,Unknown,-157.8372,21.3104,Unknown,Unknown,Unknown,Unknown,Unknown,Department Issued,Unknown,Unknown,Police Officer
Bend High School,High School,2014,02/07/2014,12:00 Pm,Bend,Oregon,Unknown,Unknown,0,0,Unknown,-121.2959,44.0523,Unknown,Unknown,Unknown,Unknown,Hunting Rifle,Legally Owned By Shooter,17.0,M,Student
Salisbury High School,High School,2014,02/10/2014,2:41 Pm,Salisbury,North Carolina,Unknown,Unknown,0,1,Unknown,-80.4849,35.6648,Unknown,Unknown,Unknown,Unknown,9Mm Gun (Type Unknown),Unknown,17.0,M,Unknown
Success Academy,Unknown,2014,02/20/2014,10:30 Am,Raytown,Missouri,Unknown,Unknown,1,0,Unknown,-94.5688,39.094,Unknown,Unknown,Unknown,Unknown,.45-Caliber Handgun ,Legally Purchased At Pawn Shop That Morning,42.0,M,Father Of Student
Benjamin Banneker High School,High School,2014,03/25/2014,1:00 Pm,College Park,Georgia,Unknown,Unknown,0,0,Unknown,-84.5176,33.593,Unknown,Unknown,Unknown,Unknown,Unknown,Unknown,Unknown,Unknown,Unknown
D. H. Conley High School,High School,2014,04/09/2014,1:30 Pm,Greenville,North Carolina,Unknown,Unknown,0,0,Unknown,-77.3248,35.5306,Unknown,Unknown,Unknown,Unknown,.45-Caliber Handgun,Unknown,17.0,M,Student At Rival School
Reynolds High School,High School,2014,06/10/2014,8:07 Am,Troutdale,Oregon,Unknown,Unknown,1,1,Unknown,-122.4026,45.5285,Unknown,Unknown,Unknown,Unknown,M4 Ar-15 Rifle,Brother,15.0,M,Student
Stellar Leadership Academy,Unknown,2014,09/09/2014,Unknown,Miami,Florida,Unknown,Unknown,0,1,Unknown,-80.243461,25.84814,Unknown,Unknown,Unknown,Unknown,Unknown,Unknown,Unknown,Unknown,Unknown
Fern Creek High School,High School,2014,09/30/2014,1:00 Pm,Louisville,Kentucky,Unknown,Unknown,0,1,Unknown,-85.592357,38.156605,Unknown,Unknown,Unknown,Unknown,Handgun,Unknown,16.0,M,Student
Albemarle High School,High School,2014,09/30/2014,7:40 Am,Albemarle,North Carolina,Unknown,Unknown,0,1,Unknown,-80.193152,35.371268,Unknown,Unknown,Unknown,Unknown,Handgun,Unknown,15.0,M,Student
Marysville Pilchuck High School,High School,2014,10/24/2014,10:39 Am,Marysville,Washington,Unknown,Unknown,4,1,Unknown,-122.154021,48.09582,Unknown,Unknown,Unknown,Unknown,.40-Caliber Beretta Px4 Storm Handgun,Father,15.0,M,Student
Hand In Hand Montessori,Unknown,2015,01/26/2015,3:07 Pm,Roseville,Minnesota,Unknown,Unknown,0,0,Unknown,-93.177024,45.004709,Unknown,Unknown,Unknown,Unknown,Unknown,Unknown,48.0,M,Unknown
North Thurston High School,High School,2015,04/27/2015,7:25 Am,Lacey,Washington,Unknown,Unknown,0,0,Unknown,-122.83241,47.051956,Unknown,Unknown,Unknown,Unknown,.357 Magnum,Father,16.0,M,Student
W.S. Hornsby Elementary School,Elementary School,2015,08/25/2015,10:45 Am,Augusta,Georgia,Unknown,Unknown,0,1,Unknown,-81.937992,33.459564,Unknown,Unknown,Unknown,Unknown,.380 Semi-Automatic Handgun,Grandmother'S Boyfriend,Unknown,M,Student
Harrisburg High School,High School,2015,09/30/2015,10:00 Am,Harrisburg,South Dakota,Unknown,Unknown,0,1,Unknown,-96.6998,43.43212,Unknown,Unknown,Unknown,Unknown,Handgun,Unknown,16.0,M,Student
Karen Wagner High School,High School,2015,10/15/2015,9:15 Am,San Antonio,Texas,Unknown,Unknown,0,0,Unknown,-98.3578,29.45738,Unknown,Unknown,Unknown,Unknown,Unknown,Unknown,22.0,F,Friend Of Student
Vereen School,Unknown,2015,11/05/2015,Unknown,Moultrie,Georgia,Unknown,Unknown,0,0,Unknown,-83.804368,31.175943,Unknown,Unknown,Unknown,Unknown,Semiautomatic Pistol,Department Issued,Unknown,M,Student
Lecanto High School,High School,2015,11/10/2015,10:30 Am,Lecanto,Florida,Unknown,Unknown,0,0,Unknown,-82.499153,28.824494,Unknown,Unknown,Unknown,Unknown,Walther P1 9Mm Semiautomatic Handgun,Unknown,15.0,M,Student
Harmony Grove High School,High School,2016,01/13/2016,3:00 Pm,Camden,Arkansas,Unknown,Unknown,0,1,Unknown,-92.7796,33.6514,Unknown,Unknown,Unknown,Unknown,Pistol,Unknown,17.0,M,Student
Benjamin Franklin High School,High School,2016,01/29/2016,12:00 Pm,Philadelphia,Pennsylvania,Unknown,Unknown,0,0,Unknown,-75.162,39.96367,Unknown,Unknown,Unknown,Unknown,.45-Caliber Handgun,Unknown,16.0,M,Unknown
Independence High School,High School,2016,02/12/2016,7:53 Am,Glendale,Arizona,Unknown,Unknown,1,0,Unknown,-112.221,33.53216,Unknown,Unknown,Unknown,Unknown,9Mm Beretta Pistol,"Classmate, Who Took From Parents",15.0,F,Student
Madison High School,High School,2016,02/29/2016,11:15 Am,Middletown,Ohio,Unknown,Unknown,0,4,Unknown,-84.4433,39.53385,Unknown,Unknown,Unknown,Unknown,Sig Sauer P238,Family Home,14.0,M,Student
Huffman High School,High School,2016,03/15/2016,2:30 Pm,Birmingham,Alabama,Unknown,Unknown,0,1,Unknown,-86.682,33.61291,Unknown,Unknown,Unknown,Unknown,Unknown,Unknown,19.0,M,Brother Of Student
Alpine High School,High School,2016,09/08/2016,9:00 Am,Alpine,Texas,Unknown,Unknown,0,1,Unknown,-103.665798,30.371983,Unknown,Unknown,Unknown,Unknown,9-Mm. Semi-Automatic Handgun,Unknown,14.0,F,Student
Townville Elementary School,Elementary School,2016,09/28/2016,1:45 Pm,Townville,South Carolina,Unknown,Unknown,1,2,Unknown,-82.903471,34.56311,Unknown,Unknown,Unknown,Unknown,.40 Caliber Pistol,Father,14.0,M,Former Student
Cf Vigor High School,High School,2016,10/11/2016,3:45 Pm,Prichard,Alabama,Unknown,Unknown,0,1,Unknown,-88.080692,30.743233,Unknown,Unknown,Unknown,Unknown,Unknown,Unknown,16.0,M,Unknown
Linden-Mckinley Stem Academy,Unknown,2016,10/13/2016,2:40 Pm,Columbus,Ohio,Unknown,Unknown,0,2,Unknown,-82.974011,40.00952,Unknown,Unknown,Unknown,Unknown,Unknown,Unknown,Unknown,M,Unknown
June Jordan High School For Equity,High School,2016,10/18/2016,3:20 Pm,San Francisco,California,Unknown,Unknown,0,4,Unknown,-122.425241,37.719558,Unknown,Unknown,Unknown,Unknown,Pistols,Unknown,Unknown,M,Unknown
Union Middle School,Middle School,2016,10/25/2016,3:00 Pm,Sandy,Utah,Unknown,Unknown,0,1,Unknown,-111.873061,40.60715,Unknown,Unknown,Unknown,Unknown,Unknown,Mother,14.0,M,Student
Bay City Western High School,High School,2016,11/11/2016,12:30 Pm,Auburn,Michigan,Unknown,Unknown,0,1,Unknown,-84.0783,43.60478,Unknown,Unknown,Unknown,Unknown,.380-Caliber Sig Sauer Pistol,Legally Purchased By Shooter,50.0,M,Resource Officer
Mueller Park Jr. High,Unknown,2016,12/01/2016,8:13 Am,Bountiful,Utah,Unknown,Unknown,0,0,Unknown,-111.861172,40.872489,Unknown,Unknown,Unknown,Unknown,12-Gauge Shotgun,Parent,15.0,M,Student
West Liberty-Salem Middle/High School,High School,2017,01/20/2017,7:36 Am,West Liberty,Ohio,Unknown,Unknown,0,2,Unknown,-83.756761,40.21594,Unknown,Unknown,Unknown,Unknown,Mossberg Model 500 12 Gauge Shotgun,Gift From Grandparents,17.0,M,Student
Scotlandville Magnet High School,High School,2017,02/06/2017,12:00 Pm,Baton Rouge,Louisiana,Unknown,Unknown,0,0,Unknown,-91.177851,30.53365,Unknown,Unknown,Unknown,Unknown,Handgun,Unknown,14.0,M,Student
Robert E. Lee High School,High School,2017,03/16/2017,3:00 Pm,Montgomery,Alabama,Unknown,Unknown,0,1,Unknown,-86.271649,32.378702,Unknown,Unknown,Unknown,Unknown,.40-Caliber Handgun,Unknown,16.0,M,Student
North Park Elementary School,Elementary School,2017,04/10/2017,10:30 Am,San Bernardino,California,Unknown,Unknown,2,1,Unknown,-117.301804,34.179206,Unknown,Unknown,Unknown,Unknown,Smith & Wesson .357 Magnum Revolver,Unknown,53.0,M,Husband Of Teacher
Moss Bluff Elementary School,Elementary School,2017,05/15/2017,7:50 Am,Lake Charles,Louisiana,Unknown,Unknown,0,1,Unknown,-93.2032,30.29966,Unknown,Unknown,Unknown,Unknown,.380 Caliber Semi-Automatic Handgun,"Father'S Gun, Kept By 17 Year Old Who Shared Room With Shooter",7.0,M,Student
Greensboro High School,High School,2017,05/24/2017,11:30 Am,Greensboro,Alabama,Unknown,Unknown,0,0,Unknown,-87.589,32.70713,Unknown,Unknown,Unknown,Unknown,.22 Caliber Revolver,Unknown,Unknown,M,Student
Warren Elementary School,Elementary School,2017,06/16/2017,1:51 Pm,Chicago,Illinois,Unknown,Unknown,0,2,Unknown,-87.575184,41.726922,Unknown,Unknown,Unknown,Unknown,Unknown,Unknown,Unknown,M,Unknown
Columbus Scioto 6-12,Unknown,2017,09/08/2017,8:33 Am,Columbus,Ohio,Unknown,Unknown,0,0,Unknown,-82.9958,39.90163,Unknown,Unknown,Unknown,Unknown,.38-Caliber Handgun,Unknown,18.0,M,Unknown
Freeman High School,High School,2017,09/13/2017,10:00 Am,Rockford,Washington,Unknown,Unknown,1,3,Unknown,-117.19638,47.519667,Unknown,Unknown,Unknown,Unknown,"Ar-15, Pistol",Father,15.0,M,Student
Mattoon High School,High School,2017,09/20/2017,11:30 Am,Mattoon,Illinois,Unknown,Unknown,0,1,Unknown,-88.386955,39.474405,Unknown,Unknown,Unknown,Unknown,.40-Caliber Ruger Semiautomatic Pistol,Stepfather,14.0,M,Student
Pattengill Academy,Unknown,2017,11/03/2017,4:30 Pm,Lansing,Michigan,Unknown,Unknown,0,1,Unknown,-84.5243,42.73889,Unknown,Unknown,Unknown,Unknown,Handgun,Puchased Legally By Shooter From Dicker & Deal,21.0,M,Unknown
Benjamin Banneker High School,High School,2017,11/09/2017,3:25 Pm,College Park,Georgia,Unknown,Unknown,0,2,Unknown,-84.5176,33.59297,Unknown,Unknown,Unknown,Unknown,Small-Caliber Handgun,Unknown,Unknown,Unknown,Unknown
Rancho Tehama Elementary School,Elementary School,2017,11/14/2017,7:50 Am,Corning,California,Unknown,Unknown,0,2,Unknown,-122.398455,40.015716,Unknown,Unknown,Unknown,Unknown,Handmade Ar-15-Type Rifle,Contructed From Parts Legally Purchased By Shooter,44.0,M,Had Beef With Family Of Student At School
Aztec High School,High School,2017,12/07/2017,8:04 Am,Aztec,New Mexico,Unknown,Unknown,2,0,Unknown,-107.990379,36.820644,Unknown,Unknown,Unknown,Unknown,9Mm Glock,Legally Purchased By Shooter,21.0,M,Former Student
High Point Central High School,High School,2017,12/11/2017,2:08 Pm,High Point,North Carolina,Unknown,Unknown,0,0,Unknown,-80.0231,35.95795,Unknown,Unknown,Unknown,Unknown,Handgun,Unknown,15.0,M,Unknown
The Net Charter High School,High School,2018,01/22/2018,1:30 Pm,New Orleans,Louisiana,Unknown,Unknown,0,0,Unknown,-90.079691,29.93996,Unknown,Unknown,Unknown,Unknown,Unknown,Unknown,Unknown,Unknown,Unknown
Italy High School,High School,2018,01/22/2018,7:53 Am,Italy,Texas,Unknown,Unknown,0,1,Unknown,-96.878968,32.181129,Unknown,Unknown,Unknown,Unknown,Semi-Automatic .380 Caliber Handgun,Unknown,16.0,M,Student
Marshall County High School,High School,2018,01/23/2018,7:57 Am,Benton,Kentucky,Unknown,Unknown,2,14,Unknown,-88.332917,36.912835,Unknown,Unknown,Unknown,Unknown,Handgun,Stepfather'S Bedroom,15.0,M,Student
Murphy High School,High School,2018,01/25/2018,11:20 Am,Mobile,Alabama,Unknown,Unknown,0,0,Unknown,-88.0867,30.6828,Unknown,Unknown,Unknown,Unknown,Revolver,Stolen,16.0,M,Student
Salvador B. Castro Middle School,Middle School,2018,02/01/2018,9:00 Am,Los Angeles,California,Unknown,Unknown,0,5,Unknown,-118.265,34.06169,Unknown,Unknown,Unknown,Unknown,Semi-Automatic Handgun,Unknown,12.0,F,Student
Marjory Stoneman Douglas High School,High School,2018,02/14/2018,2:21 Pm,Parkland,Florida,Unknown,Unknown,17,17,Unknown,-80.269365,26.304483,Unknown,Unknown,Unknown,Unknown,Smith & Wesson M&P15,Legally Purchased By Shooter,19.0,M,Former Student (Expelled)
Dalton High School,High School,2018,02/28/2018,11:30 Am,Dalton,Georgia,Unknown,Unknown,0,0,Unknown,-84.99053,34.77972,Unknown,Unknown,Unknown,Unknown,.38-Caliber Snub-Nosed Revolver,Unknown,53.0,M,Teacher
Huffman High School,High School,2018,03/07/2018,3:45 Pm,Birmingham,Alabama,Unknown,Unknown,1,0,Unknown,-86.682,33.61291,Unknown,Unknown,Unknown,Unknown,Pistol,Unknown,17.0,M,Student
Seaside High School,High School,2018,03/13/2018,1:20 Pm,Seaside,California,Unknown,Unknown,0,3,Unknown,-121.838,36.62444,Unknown,Unknown,Unknown,Unknown,Glock 21 .45-Caliber Handgun,Department Issued,Unknown,M,Teacher
Big Sky High School,High School,2018,03/16/2018,12:45 Pm,Missoula,Montana,Unknown,Unknown,0,0,Unknown,-114.057737,46.850867,Unknown,Unknown,Unknown,Unknown,Pistol,Department Issued,Unknown,M,Resource Officer
Douglass Park Elementary School,Elementary School,2018,03/19/2018,4:23 Pm,Portsmouth,Virginia,Unknown,Unknown,0,1,Unknown,-76.3393,36.81828,Unknown,Unknown,Unknown,Unknown,Unknown,Unknown,Unknown,Unknown,Unknown
Great Mills High School,High School,2018,03/20/2018,7:55 Am,Great Mills,Maryland,Unknown,Unknown,1,1,Unknown,-76.4875,38.24743,Unknown,Unknown,Unknown,Unknown,Glock Semi-Automatic Handgun,Father,17.0,M,Student
Eupora High School,High School,2018,03/28/2018,2:40 Pm,Europa,Mississippi,Unknown,Unknown,0,0,Unknown,-89.274143,33.543141,Unknown,Unknown,Unknown,Unknown,9Mm Handgun,Unknown,20.0,M,Unknown
Jackson High School,High School,2018,04/19/2018,1:44 Pm,Jackson,Michigan,Unknown,Unknown,0,0,Unknown,-84.4185,42.2499,Unknown,Unknown,Unknown,Unknown,Handgun,Unknown,Unknown,Unknown,Unknown
Forest High School,High School,2018,04/20/2018,8:39 Am,Ocala,Florida,Unknown,Unknown,0,1,Unknown,-82.066682,29.14362,Unknown,Unknown,Unknown,Unknown,Shotgun,Unknown,19.0,M,Former Student
Benjamin Elijah Mays High School,High School,2018,04/23/2018,1:00 Pm,Atlanta,Georgia,Unknown,Unknown,0,0,Unknown,-84.5038,33.7339,Unknown,Unknown,Unknown,Unknown,Unknown,Unknown,19.0,M,Unknown
Highland High School,High School,2018,04/25/2018,2:30 Pm,Albuquerque,New Mexico,Unknown,Unknown,0,1,Unknown,-106.592413,35.074841,Unknown,Unknown,Unknown,Unknown,Handgun,Owner'S Gun,Unknown,M,Father Of Student
Highland High School,High School,2018,05/11/2018,7:05 Am,Palmdale,California,Unknown,Unknown,0,1,Unknown,-118.175561,34.591755,Unknown,Unknown,Unknown,Unknown,Rifle,Unknown,14.0,M,Student
Dixon High School,High School,2018,05/16/2018,8:00 Am,Dixon,Illinois,Unknown,Unknown,0,0,Unknown,-89.488508,41.847128,Unknown,Unknown,Unknown,Unknown,Rifle,Mother,19.0,M,Student
Santa Fe High School,High School,2018,05/18/2018,7:30 Am,Santa Fe,Texas,Unknown,Unknown,10,13,Unknown,-95.143149,29.393257,Unknown,Unknown,Unknown,Unknown,Remington 870 Shotgun And A .38-Caliber Revolver,Unknown,17.0,M,Student
Noblesville West Middle School,Middle School,2018,05/25/2018,9:06 Am,Noblesville,Indiana,Unknown,Unknown,0,2,Unknown,-86.029001,40.07825,Unknown,Unknown,Unknown,Unknown,".22 Caliber Gun, .45 Caliber Gun",Unknown,13.0,M,Student
Villa Heights Elementary School,Elementary School,2018,08/30/2018,7:30 Am,Charlotte,North Carolina,Unknown,Unknown,0,0,Unknown,-80.812768,35.236843,Unknown,Unknown,Unknown,Unknown,.45 Caliber Pistol,Stolen,34.0,M,Former Boyfriend Of Student'S Mother
Canyon Springs High School,High School,2018,09/11/2018,2:35 Pm,North Las Vegas,Nevada,Unknown,Unknown,1,0,Unknown,-115.135695,36.233566,Unknown,Unknown,Unknown,Unknown,Unknown,Unknown,16.0,M,Student
Lawrence Orr Elementary School,Elementary School,2018,09/24/2018,9:00 Am,Charlotte,North Carolina,Unknown,Unknown,0,0,Unknown,-80.743914,35.225991,Unknown,Unknown,Unknown,Unknown,Unknown,Unknown,24.0,M,Unknown
Denali Montessori Elementary School,Elementary School,2018,10/03/2018,10:00 Am,Anchorage,Alaska,Unknown,Unknown,0,1,Unknown,-149.881113,61.213281,Unknown,Unknown,Unknown,Unknown,Sig Sauer .40 Caliber Handgun,Unknown,26.0,M,Boyfriend Of Parent
Battle Creek Academy,Unknown,2018,10/12/2018,1:00 Pm,Battle Creek,Michigan,Unknown,Unknown,0,0,Unknown,-85.207497,42.33419,Unknown,Unknown,Unknown,Unknown,Unknown,Unknown,Unknown,Unknown,Unknown
Paul Laurence Dunbar School,Unknown,2018,10/22/2018,8:15 Am,Bridgeport,Connecticut,Unknown,Unknown,0,0,Unknown,-73.164585,41.177547,Unknown,Unknown,Unknown,Unknown,Handgun,Unknown,18.0,M,Unknown
Butler High School,High School,2018,10/29/2018,7:00 Am,Matthews,North Carolina,Unknown,Unknown,1,0,Unknown,-80.6916,35.1203,Unknown,Unknown,Unknown,Unknown,.380 Pistol,Stolen,16.0,M,Student
Simonsdale Elementary School,Elementary School,2018,11/20/2018,3:45 Pm,Portsmouth,Virginia,Unknown,Unknown,0,1,Unknown,-76.36628,36.82682,Unknown,Unknown,Unknown,Unknown,Handgun,Unknown,29.0,M,Parent Of Student
Dennis Intermediate School,Unknown,2018,12/13/2018,8:00 Am,Richmond,Indiana,Unknown,Unknown,0,0,Unknown,-84.9114,39.832,Unknown,Unknown,Unknown,Unknown,Handgun And A Rifle,Unknown,14.0,M,Student
Cascade Middle School,Middle School,2019,01/11/2019,10:30 Am,Eugene,Oregon,Unknown,Unknown,0,0,Unknown,-123.1667,44.0788,Unknown,Unknown,Unknown,Unknown,Handgun,Unknown,30.0,M,Father Of Student
North High School,High School,2019,01/16/2019,12:30 Pm,Minneapolis,Minnesota,Unknown,Unknown,0,0,Unknown,-93.300234,44.994017,Unknown,Unknown,Unknown,Unknown,Unknown,Unknown,Unknown,Unknown,Unknown
Frederick Douglass High School,High School,2019,02/08/2019,12:00 Pm,Baltimore,Maryland,Unknown,Unknown,0,1,Unknown,-76.6549,39.3148,Unknown,Unknown,Unknown,Unknown,Smith And Wesson .40 Caliber Gun,Unknown,25.0,M,Brother Of Student
V. Sue Cleveland High School,High School,2019,02/14/2019,7:15 Am,Rio Rancho,New Mexico,Unknown,Unknown,0,0,Unknown,-106.641929,35.312773,Unknown,Unknown,Unknown,Unknown,.45 Caliber Handgun,Unknown,16.0,M,Student
Robert E. Lee High School,High School,2019,02/26/2019,11:00 Am,Montgomery,Alabama,Unknown,Unknown,0,1,Unknown,-86.271649,32.378702,Unknown,Unknown,Unknown,Unknown,.40-Caliber Handgun,Stolen From Neighbor,16.0,M,Student
Highlands Elementary School,Elementary School,2019,03/01/2019,1:30 Pm,Mission,Kansas,Unknown,Unknown,0,0,Unknown,-94.6409,39.0168,Unknown,Unknown,Unknown,Unknown,Handgun,Unknown,26.0,M,Neighbor Of School
Blountsville Elementary School,Elementary School,2019,03/22/2019,12:30 Pm,Blountsville,Alabama,Unknown,Unknown,0,1,Unknown,-86.586,34.0847,Unknown,Unknown,Unknown,Unknown,Taurus .380 Pistol,Legally Purchased By Shooter,72.0,M,Substitute Teacher
Prescott High School,High School,2019,04/01/2019,9:14 Am,Prescott,Arkansas,Unknown,Unknown,0,1,Unknown,-93.377376,33.791237,Unknown,Unknown,Unknown,Unknown,Handgun,Unknown,14.0,Unknown,Student
New Joseph Bonnheim Community Charter School,Unknown,2019,04/03/2019,1:45 Pm,Sacramento,California,Unknown,Unknown,0,0,Unknown,-121.4182,38.5333,Unknown,Unknown,Unknown,Unknown,Unknown,Unknown,Unknown,Unknown,Unknown
Saint Clair Evans Academy,Unknown,2019,04/03/2019,11:00 Am,Jacksonville,Florida,Unknown,Unknown,0,0,Unknown,-81.695138,30.371086,Unknown,Unknown,Unknown,Unknown,Unknown,Unknown,Unknown,Unknown,Unknown
Flex High School,High School,2019,04/17/2019,10:00 Am,Flint,Michigan,Unknown,Unknown,0,0,Unknown,-83.73516,43.059497,Unknown,Unknown,Unknown,Unknown,Unknown,Unknown,16.0,Unknown,Student
Stem School Highlands Ranch,Unknown,2019,05/07/2019,1:52 Pm,Highlands Ranch,Colorado,Unknown,Unknown,1,8,Unknown,-104.9979,39.5559,Unknown,Unknown,Unknown,Unknown,"Glock 21 .45-Caliber Semi-Automatic Pistol, Beretta M9 9Mm Semi-Automatic Pistol, Taurus Revolver And A Ruger 10/22 .22-Caliber Semi-Automatic Rifle",Parent,16.0,M,Student
Menta Academy North,Unknown,2019,06/10/2019,1:45 Pm,Waukegan,Illinois,Unknown,Unknown,0,0,Unknown,-87.83950925,42.35333175,Unknown,Unknown,Unknown,Unknown,2 Handguns,Unknown,27.0,M,Unknown
Hendley Elementary School,Elementary School,2019,06/12/2019,4:20 Pm,Washington,District Of Columbia,Unknown,Unknown,0,0,Unknown,-76.999555,38.828872,Unknown,Unknown,Unknown,Unknown,Unknown,Unknown,Unknown,Unknown,Unknown
Blount Elementary School,Elementary School,2019,08/08/2019,7:26 Am,Montgomery,Alabama,Unknown,Unknown,0,0,Unknown,-86.1324,32.3106,Unknown,Unknown,Unknown,Unknown,Pistol,Unknown,38.0,M,Father Of Student
Hollenbeck Middle School,Middle School,2019,08/27/2019,11:00 Am,Los Angeles,California,Unknown,Unknown,0,1,Unknown,-118.212583,34.036765,Unknown,Unknown,Unknown,Unknown,Unknown,Unknown,Unknown,Unknown,Unknown
South Aiken High School,High School,2019,09/10/2019,Unknown,Aiken,South Carolina,Unknown,Unknown,0,0,Unknown,-81.71303,33.521766,Unknown,Unknown,Unknown,Unknown,Unknown,Unknown,Unknown,Unknown,Unknown
Aiton Elementary School,Elementary School,2019,09/25/2019,Unknown,Washington,District Of Columbia,Unknown,Unknown,0,0,Unknown,-76.933728,38.896669,Unknown,Unknown,Unknown,Unknown,Unknown,Unknown,Unknown,Unknown,Unknown
Ridgway High School,High School,2019,10/22/2019,9:00 Am,Santa Rosa,California,Unknown,Unknown,0,1,Unknown,-122.7226,38.4497,Unknown,Unknown,Unknown,Unknown,Unknown,Unknown,17.0,Unknown,Student
Achievement Academy,Unknown,2019,11/11/2019,2:00 Pm,Baltimore,Maryland,Unknown,Unknown,0,1,Unknown,-76.571382,39.366066,Unknown,Unknown,Unknown,Unknown,Unknown,Unknown,Unknown,Unknown,Unknown
Esteban Torres High School,High School,2019,11/13/2019,9:00 Am,Los Angeles,California,Unknown,Unknown,1,0,Unknown,-118.175531,34.041846,Unknown,Unknown,Unknown,Unknown,Unknown,Police,Unknown,Unknown,Sheriff'S Deputy
Saugus High School,High School,2019,11/14/2019,7:38 Am,Saugus,California,Unknown,Unknown,2,3,Unknown,-118.518128,34.441924,Unknown,Unknown,Unknown,Unknown,.45 Caliber 1911 Pistol,Ghost Gun,16.0,M,Student
Waukesha South High School,High School,2019,12/02/2019,9:00 Am,Waukesha,Wisconsin,Unknown,Unknown,0,1,Unknown,-88.2237,42.993,Unknown,Unknown,Unknown,Unknown,Handgun,Department Issued,Unknown,M,Resource Officer
Oshkosh West High School,High School,2019,12/03/2019,9:00 Am,Oshkosh,Wisconsin,Unknown,Unknown,0,1,Unknown,-88.5736,44.0225,Unknown,Unknown,Unknown,Unknown,Handgun,Department Issued,Unknown,M,Resource Officer
Decatur High School,High School,2019,12/10/2019,8:20 Am,Decatur,Alabama,Unknown,Unknown,0,0,Unknown,-86.97216,34.593282,Unknown,Unknown,Unknown,Unknown,Unknown,Unknown,22.0,M,Unknown
Sacred Heart School,Unknown,2019,12/10/2019,12:45 Pm,Jersey City,New Jersey,Unknown,Unknown,0,0,Unknown,-74.083408,40.706963,Unknown,Unknown,Unknown,Unknown,Unknown,Unknown,Unknown,Unknown,Unknown
Catholic Academy Of New Haven,Unknown,2019,12/16/2019,9:00 Am,New Haven,Connecticut,Unknown,Unknown,0,0,Unknown,-72.963177,41.325823,Unknown,Unknown,Unknown,Unknown,Unknown,Unknown,Unknown,M,Unknown
Bellaire High School,High School,2020,01/14/2020,4:00 Pm,Bellaire,Texas,Unknown,Unknown,1,0,Unknown,-95.469159,29.692163,Unknown,Unknown,Unknown,Unknown,.32 Caliber Semi-Automatic Pistol,Unknown,16.0,M,Student
Mcauliffe Elementary School,Elementary School,2020,01/23/2020,11:30 Am,Oxnard,California,Unknown,Unknown,0,1,Unknown,-119.2135,34.1876,Unknown,Unknown,Unknown,Unknown,Unknown,Unknown,Unknown,Unknown,Unknown
West High School,High School,2020,02/13/2020,3:00 Pm,Salt Lake City,Utah,Unknown,Unknown,0,0,Unknown,-111.900444,40.774742,Unknown,Unknown,Unknown,Unknown,Unknown,Unknown,Unknown,Unknown,Student
Antioch High School,High School,2020,02/19/2020,9:30 Am,Antioch,California,Unknown,Unknown,0,0,Unknown,-121.8163,38.0063,Unknown,Unknown,Unknown,Unknown,Unknown,Unknown,15.0,M,Unknown
Cesar Chavez Community School,Unknown,2020,02/21/2020,11:00 Am,Albuquerque,New Mexico,Unknown,Unknown,0,0,Unknown,-106.583882,35.059669,Unknown,Unknown,Unknown,Unknown,Unknown,Unknown,Unknown,Unknown,Unknown
Sagemont School,Unknown,2020,03/05/2020,12:00 Pm,Weston,Florida,Unknown,Unknown,0,1,Unknown,-80.424081,26.13796,Unknown,Unknown,Unknown,Unknown,Unknown,Unknown,55.0,M,Security Guard
Ribault High School,High School,2020,10/09/2020,2:00 Pm,Jacksonville,Florida,Unknown,Unknown,0,1,Unknown,-81.7073,30.3906,Unknown,Unknown,Unknown,Unknown,.380-Caliber Handgun,Unknown,18.0,Unknown,Unknown
Lincoln Elementary School,Elementary School,2020,11/13/2020,2:00 Pm,Leland,North Carolina,Unknown,Unknown,0,1,Unknown,-78.0429,34.2618,Unknown,Unknown,Unknown,Unknown,Unknown,Unknown,Unknown,Unknown,Unknown
Hendersonville Middle School,Middle School,2020,11/24/2020,7:45 Am,Hendersonville,North Carolina,Unknown,Unknown,0,1,Unknown,-82.473,35.3219,Unknown,Unknown,Unknown,Unknown,Unknown,Unknown,12.0,M,Unknown
Watson Chapel Junior High,Middle School,2021,03/01/2021,9:55 Am,Pine Bluff,Arkansas,Unknown,Unknown,1,0,Unknown,-92.065921,34.189927,Unknown,Unknown,Unknown,Unknown,Handgun,Unknown,15.0,M,Unknown
Wayne Central Middle School,Middle School,2021,03/01/2021,9:40 Am,Ontario,New York,Unknown,Unknown,0,1,Unknown,-77.3036,43.2197,Unknown,Unknown,Unknown,Unknown,Smith And Wesson M&P .45 Caliber Handgun,Sro,19.0,M,Employee
Achievement First Amistad High School,High School,2021,03/04/2021,8:10 Am,New Haven,Connecticut,Unknown,Unknown,0,0,Unknown,-72.9357119,41.32981839,Unknown,Unknown,Unknown,Unknown,Unknown,Unknown,Unknown,Unknown,Unknown
Edwards Elementary School,Elementary School,2021,03/08/2021,1:30 Pm,Chesterfield,South Carolina,Unknown,Unknown,0,1,Unknown,-80.11771,34.737634,Unknown,Unknown,Unknown,Unknown,Unknown,Unknown,54.0,Unknown,Unknown
Bishop Hartley High School,High School,2021,03/09/2021,8:50 Am,Columbus,Ohio,Unknown,Unknown,0,0,Unknown,-82.910821,39.94497,Unknown,Unknown,Unknown,Unknown,Unknown,Unknown,Unknown,Unknown,Unknown
Selma High School,High School,2021,04/01/2021,1:00 Pm,Selma,Alabama,Unknown,Unknown,0,0,Unknown,-87.022637,32.428416,Unknown,Unknown,Unknown,Unknown,Handgun,Unknown,15.0,M,Unknown
Austin-East Magnet High,Unknown,2021,04/12/2021,3:15 Pm,Knoxville,Tennessee,Unknown,Unknown,0,1,Unknown,-83.887,35.9901,Unknown,Unknown,Unknown,Unknown,Glock 45 Handgun,Unknown,17.0,M,Unknown
Ply_Mouth Middle School,Middle School,2021,04/26/2021,8:44 Am,Ply_Mouth,Minnesota,Unknown,Unknown,0,0,Unknown,-93.406233,45.020964,Unknown,Unknown,Unknown,Unknown,Handgun,Father'S Bedroom,12.0,M,Unknown
Smyrna Middle School,Middle School,2021,04/27/2021,10:25 Am,Smyrna,Delaware,Unknown,Unknown,1,0,Unknown,-75.623778,39.302595,Unknown,Unknown,Unknown,Unknown,Handgun,Unknown,47.0,M,Unknown
Urban Dove Team Charter School,Unknown,2021,04/29/2021,2:45 Pm,Brooklyn,New York,Unknown,Unknown,1,0,Unknown,-73.954975,40.622473,Unknown,Unknown,Unknown,Unknown,Unknown,Unknown,15.0,M,Unknown
Mary Evelyn Castle Elementary School,Elementary School,2021,04/30/2021,1:00 Pm,Indianapolis,Indiana,Unknown,Unknown,0,1,Unknown,-86.018,39.9081,Unknown,Unknown,Unknown,Unknown,Unknown,Unknown,32.0,M,Unknown
Ware Shoals High School,High School,2021,05/05/2021,8:00 Am,Ware Shoals,South Carolina,Unknown,Unknown,0,0,Unknown,-82.238603,34.393145,Unknown,Unknown,Unknown,Unknown,Handgun,Mom'S Gun; Kept In Her Car,15.0,M,Unknown
Rigby Middle School,Middle School,2021,05/06/2021,9:00 Am,Rigby,Idaho,Unknown,Unknown,0,3,Unknown,-111.941927,43.668498,Unknown,Unknown,Unknown,Unknown,Handgun,Unknown,Unknown,F,Student
North Forest High School,High School,2021,06/09/2021,10:30 Am,Houston,Texas,Unknown,Unknown,0,1,Unknown,-95.259744,29.867029,Unknown,Unknown,Unknown,Unknown,Unknown,Unknown,Unknown,Unknown,Unknown
Saint Francis De Sales School,Unknown,2021,08/06/2021,1:00 Pm,Houma,Louisiana,Unknown,Unknown,0,1,Unknown,-90.734161,29.60752,Unknown,Unknown,Unknown,Unknown,Unknown,Unknown,17.0,M,Unknown
Lithonia High School,High School,2021,08/12/2021,3:00 Pm,Lithonia,Georgia,Unknown,Unknown,0,1,Unknown,-84.1294,33.725,Unknown,Unknown,Unknown,Unknown,Handgun,Unknown,Unknown,Unknown,Resource Officer
Washington Middle School,Middle School,2021,08/13/2021,12:45 Pm,Albuquerque,New Mexico,Unknown,Unknown,1,0,Unknown,-106.661691,35.086144,Unknown,Unknown,Unknown,Unknown,Handgun,Unknown,13.0,M,Unknown
Orangeburg-Wilkinson High School,High School,2021,08/18/2021,4:00 Pm,Orangeburg,South Carolina,Unknown,Unknown,0,3,Unknown,-80.836538,33.524095,Unknown,Unknown,Unknown,Unknown,Unknown,Unknown,14.0,M,Unknown
New Hanover High School,High School,2021,08/30/2021,11:00 Am,Wilmington,North Carolina,Unknown,Unknown,0,1,Unknown,-77.9324,34.2374,Unknown,Unknown,Unknown,Unknown,Unknown,Unknown,15.0,M,Unknown
Mount Tabor High School,High School,2021,09/01/2021,12:00 Pm,Winston-Salem,North Carolina,Unknown,Unknown,1,0,Unknown,-80.3132,36.1268,Unknown,Unknown,Unknown,Unknown,Unknown,Unknown,15.0,M,Unknown
Lavergne High School,High School,2021,09/07/2021,3:30 Pm,Lavergne,Tennessee,Unknown,Unknown,0,0,Unknown,-86.5597,35.9887,Unknown,Unknown,Unknown,Unknown,Unknown,Unknown,15.0,M,Unknown
Tri-County Education Center,Unknown,2021,09/08/2021,2:30 Pm,Ferndale,Michigan,Unknown,Unknown,0,0,Unknown,-83.159362,42.450386,Unknown,Unknown,Unknown,Unknown,Unknown,Unknown,Unknown,M,Unknown
Heritage High School,High School,2021,09/20/2021,11:39 Am,Newport News,Virginia,Unknown,Unknown,0,2,Unknown,-76.4272,37.0063,Unknown,Unknown,Unknown,Unknown,Unknown,Unknown,15.0,M,Unknown
Newton County Elementary School,Elementary School,2021,09/30/2021,1:45 Pm,Decatur,Mississippi,Unknown,Unknown,0,1,Unknown,-89.105538,32.446371,Unknown,Unknown,Unknown,Unknown,Handgun,Boyfriend Of Child'S Mother,Unknown,M,Student
Cummings K-8 Optional School,Unknown,2021,09/30/2021,10:00 Am,Memphis,Tennessee,Unknown,Unknown,0,1,Unknown,-90.0283,35.1189,Unknown,Unknown,Unknown,Unknown,Unknown,Unknown,13.0,M,Unknown
Yes Prep Southwest Secondary,Unknown,2021,10/01/2021,11:45 Am,Houston,Texas,Unknown,Unknown,0,1,Unknown,-95.44306,29.605766,Unknown,Unknown,Unknown,Unknown,Unknown,Unknown,25.0,M,Former Student
Timberview High School,High School,2021,10/06/2021,9:15 Am,Arlington,Texas,Unknown,Unknown,0,4,Unknown,-97.076321,32.622073,Unknown,Unknown,Unknown,Unknown,Handgun,Unknown,18.0,M,Student
Little Rock Central High School,High School,2021,10/12/2021,11:27 Am,Little Rock,Arkansas,Unknown,Unknown,0,0,Unknown,-92.298954,34.736827,Unknown,Unknown,Unknown,Unknown,Unknown,Unknown,Unknown,Unknown,Unknown
Wendell Phillips Academy High School,High School,2021,10/12/2021,3:15 Pm,Chicago,Illinois,Unknown,Unknown,0,2,Unknown,-87.6199,41.8244,Unknown,Unknown,Unknown,Unknown,Unknown,Unknown,Unknown,Unknown,Unknown
James Mcdade Classical School,Unknown,2021,10/13/2021,8:38 Am,Chicago,Illinois,Unknown,Unknown,0,0,Unknown,-87.6188,41.7344,Unknown,Unknown,Unknown,Unknown,Unknown,Unknown,Unknown,Unknown,Unknown
Cathedral School,Unknown,2021,10/26/2021,9:20 Am,Natchez,Mississippi,Unknown,Unknown,0,0,Unknown,-91.394805,31.562163,Unknown,Unknown,Unknown,Unknown,Unknown,Unknown,Unknown,Unknown,Unknown
Poughkeepsie High School,High School,2021,11/15/2021,3:15 Pm,Poughkeepsie,New York,Unknown,Unknown,0,0,Unknown,-73.9138,41.6948,Unknown,Unknown,Unknown,Unknown,.38-Caliber Handgun,Unknown,13.0,M,Student
P.S. 44,Unknown,2021,11/16/2021,2:15 Pm,Bronx,New York,Unknown,Unknown,0,0,Unknown,-73.891,40.8425,Unknown,Unknown,Unknown,Unknown,Handgun,Unknown,45.0,M,Unknown
Hinkley High School,High School,2021,11/19/2021,12:00 Pm,Aurora,Colorado,Unknown,Unknown,0,3,Unknown,-104.8086,39.7349,Unknown,Unknown,Unknown,Unknown,Unknown,Unknown,16.0,Unknown,Student
Thornton Township High School,High School,2021,11/24/2021,3:00 Pm,Harvey,Illinois,Unknown,Unknown,0,0,Unknown,-87.643734,41.61606,Unknown,Unknown,Unknown,Unknown,Unknown,Unknown,Unknown,Unknown,Unknown
Cesar Chavez High School,High School,2021,11/29/2021,3:00 Pm,Laveen,Arizona,Unknown,Unknown,0,1,Unknown,-112.1463,33.3757,Unknown,Unknown,Unknown,Unknown,Unknown,Unknown,15.0,M,Student
Oxford High School,High School,2021,11/30/2021,12:50 Pm,Oxford,Michigan,Unknown,Unknown,4,7,Unknown,-83.260782,42.838243,Unknown,Unknown,Unknown,Unknown,9Mm Handgun,Parent,15.0,M,Student
Sam Rayburn High School,High School,2021,12/01/2021,11:00 Pm,Pasadena,Texas,Unknown,Unknown,0,0,Unknown,-95.182324,29.678303,Unknown,Unknown,Unknown,Unknown,Unknown,Unknown,21.0,M,Unknown
Great Oaks Charter School,Unknown,2021,12/09/2021,9:30 Am,New York,New York,Unknown,Unknown,0,0,Unknown,-73.991729,40.719909,Unknown,Unknown,Unknown,Unknown,Unknown,Unknown,Unknown,Unknown,Unknown
Jesse C. Carson High School,High School,2021,12/09/2021,2:00 Pm,China Grove,North Carolina,Unknown,Unknown,0,0,Unknown,-80.5457,35.563,Unknown,Unknown,Unknown,Unknown,Unknown,Unknown,Unknown,Unknown,Unknown
West Charlotte High School,High School,2021,12/13/2021,2:15 Pm,Charlotte,North Carolina,Unknown,Unknown,0,0,Unknown,-80.8585,35.2654,Unknown,Unknown,Unknown,Unknown,Unknown,Unknown,Unknown,Unknown,Student
Eau Claire High School,High School,2021,12/16/2021,3:00 Pm,Columbia,South Carolina,Unknown,Unknown,0,0,Unknown,-81.040984,34.048231,Unknown,Unknown,Unknown,Unknown,Unknown,Unknown,15.0,M,Student
Auburn High School,High School,2022,01/04/2022,1:10 Pm,Rockford,Illinois,Unknown,Unknown,0,2,Unknown,-89.137895,42.286784,Unknown,Unknown,Unknown,Unknown,9Mm Handgun,Unknown,16.0,M,Unknown
Seminole High School,High School,2022,01/19/2022,12:00 Pm,Sanford,Florida,Unknown,Unknown,0,1,Unknown,-81.283,28.7793,Unknown,Unknown,Unknown,Unknown,9Mm Handgun,Unknown,16.0,M,Student
Oliver Citywide Academy,Unknown,2022,01/19/2022,1:45 Pm,Pittsburgh,Pennsylvania,Unknown,Unknown,1,0,Unknown,-80.024121,40.464327,Unknown,Unknown,Unknown,Unknown,Unknown,Unknown,Unknown,Unknown,Unknown
Magruder High School,High School,2022,01/21/2022,1:00 Pm,Rockville,Maryland,Unknown,Unknown,0,1,Unknown,-77.1183,39.1313,Unknown,Unknown,Unknown,Unknown,Unknown,Unknown,17.0,M,Student
South Education Center,Unknown,2022,02/01/2022,12:07 Pm,Richfield,Minnesota,Unknown,Unknown,1,1,Unknown,-93.310844,44.868045,Unknown,Unknown,Unknown,Unknown,Unknown,Unknown,19.0,M,Student
Mount Vernon High School,High School,2022,02/08/2022,2:00 Pm,Mount Vernon,New York,Unknown,Unknown,0,0,Unknown,-73.8151,40.9258,Unknown,Unknown,Unknown,Unknown,Unknown,Unknown,Unknown,Unknown,Unknown
Liberty Point International School,Unknown,2022,02/22/2022,3:30 Pm,Pueblo West,Colorado,Unknown,Unknown,1,0,Unknown,-104.7291,38.3173,Unknown,Unknown,Unknown,Unknown,Service Weapon,Unknown,Unknown,Unknown,Police Officer
Jonesboro High School,High School,2022,02/28/2022,Unknown,Clayton County,Georgia,Unknown,Unknown,0,0,Unknown,-84.3428,33.5427,Unknown,Unknown,Unknown,Unknown,Loaded Handgun,Unknown,Unknown,Unknown,Student
Olathe East High School,High School,2022,03/04/2022,10:30 Am,Olathe,Kansas,Unknown,Unknown,0,2,Unknown,-94.7539,38.8959,Unknown,Unknown,Unknown,Unknown,Unknown,Unknown,18.0,M,Student
East High School,High School,2022,03/07/2022,3:00 Pm,Des Moines,Iowa,Unknown,Unknown,1,2,Unknown,-93.600681,41.5969,Unknown,Unknown,Unknown,Unknown,Unknown,Unknown,Unknown,Unknown,Unknown
North Gardens High School,High School,2022,03/09/2022,1:30 Pm,Miami Gardens,Florida,Unknown,Unknown,0,3,Unknown,-80.276769,25.938839,Unknown,Unknown,Unknown,Unknown,Glock,Unknown,17.0,M,Unknown
De Anza High School,High School,2022,03/11/2022,Unknown,Richmond,California,Unknown,Unknown,0,1,Unknown,-122.288035,37.969409,Unknown,Unknown,Unknown,Unknown,Unknown,Unknown,Unknown,Unknown,Student
Eisenhower High School,High School,2022,03/15/2022,3:00 Pm,Yakima,Washington,Unknown,Unknown,1,0,Unknown,-120.565796,46.591635,Unknown,Unknown,Unknown,Unknown,Unknown,Unknown,15.0,M,Student
Mott-Regent School,Unknown,2022,03/21/2022,Unknown,Hettinger County,North Dakota,Unknown,Unknown,1,0,Unknown,-102.318612,46.372185,Unknown,Unknown,Unknown,Unknown,Service Pistol,Unknown,Unknown,M,Police Officer
Rippon Middle School,Middle School,2022,03/22/2022,11:00 Am,Woodbridge,Virginia,Unknown,Unknown,0,0,Unknown,-77.2671,38.6226,Unknown,Unknown,Unknown,Unknown,Rifle And Shotgun,Unknown,20.0,M,Unknown
Western High School,High School,2022,03/29/2022,2:15 Pm,Las Vegas,Nevada,Unknown,Unknown,0,2,Unknown,-115.202879,36.176163,Unknown,Unknown,Unknown,Unknown,Unknown,Unknown,Unknown,Unknown,School Police Officer
West Philadelphia Achievement Charter Elementary School,Elementary School,2022,03/31/2022,9:00 Am,Philadelphia,Pennsylvania,Unknown,Unknown,0,0,Unknown,-89.105653,32.780532,Unknown,Unknown,Unknown,Unknown,Unknown,Unknown,8.0,M,Student
Tanglewood Middle,Unknown,2022,03/31/2022,12:26 Pm,Greenville,South Carolina,Unknown,Unknown,1,0,Unknown,-82.46882,34.824083,Unknown,Unknown,Unknown,Unknown,Handgun,Unknown,12.0,M,Student
Lowellville Junior/Senior High School,High School,2022,04/05/2022,10:00 Am,Lowellville,Ohio,Unknown,Unknown,0,0,Unknown,-80.552325,41.044822,Unknown,Unknown,Unknown,Unknown,Unknown,Unknown,Unknown,Unknown,Student
Erie High School,High School,2022,04/05/2022,9:20 Am,Erie,Pennsylvania,Unknown,Unknown,0,1,Unknown,-80.082293,42.101896,Unknown,Unknown,Unknown,Unknown,9Mm Handgun,Unknown,14.0,M,Student
Pine Bluff High School,High School,2022,04/11/2022,2:45 Pm,Pine Bluff,Arkansas,Unknown,Unknown,0,0,Unknown,-92.010781,34.219096,Unknown,Unknown,Unknown,Unknown,Unknown,Unknown,Unknown,M,Student
Edmund Burke School,Unknown,2022,04/22/2022,3:18 Pm,Washington,District Of Columbia,Unknown,Unknown,0,4,Unknown,-77.06209293,38.94304098,Unknown,Unknown,Unknown,Unknown,Sniper Rifle,Unknown,23.0,M,Unknown
Aspen Ridge Elementary School,Elementary School,2022,04/26/2022,1:30 Pm,West Ishpeming,Michigan,Unknown,Unknown,0,0,Unknown,-87.7289,46.4805,Unknown,Unknown,Unknown,Unknown,Unknown,Unknown,Unknown,M,Student
Heights High School,High School,2022,05/12/2022,1:15 Pm,Houston,Texas,Unknown,Unknown,0,1,Unknown,-95.3935,29.795384,Unknown,Unknown,Unknown,Unknown,Ak Pistol,Unknown,17.0,M,Student
Alexander W. Dreyfoos School Of Arts,Unknown,2022,05/13/2022,11:58 Am,West Palm Beach,Florida,Unknown,Unknown,1,0,Unknown,-80.059481,26.709238,Unknown,Unknown,Unknown,Unknown,Unknown,Unknown,Unknown,F,Off-Duty Police Officer
Walt Disney Magnet School,Unknown,2022,05/17/2022,10:00 Am,Chicago,Illinois,Unknown,Unknown,0,1,Unknown,-87.6469,41.9568,Unknown,Unknown,Unknown,Unknown,Unknown,Unknown,8.0,M,Student
Mexia High School,High School,2022,05/17/2022,11:20 Am,Mexia,Texas,Unknown,Unknown,0,0,Unknown,-96.473307,31.696012,Unknown,Unknown,Unknown,Unknown,Unknown,Unknown,17.0,M,Student
Robb Elementary School,Elementary School,2022,05/24/2022,11:33 Am,Uvalde,Texas,Unknown,Unknown,21,12,Unknown,-99.78812,29.199304,Unknown,Unknown,Unknown,Unknown,Unknown,Unknown,18.0,M,Unknown
Ulysses S. Grant High School,High School,2022,06/01/2022,3:25 Pm,Los Angeles,California,Unknown,Unknown,0,1,Unknown,-118.415327,34.177798,Unknown,Unknown,Unknown,Unknown,Unknown,Unknown,Unknown,Unknown,Unknown
Walnut Park Elementary,Unknown,2022,06/09/2022,9:30 Am,Gadsden,Alabama,Unknown,Unknown,1,1,Unknown,-86.0562,34.0107,Unknown,Unknown,Unknown,Unknown,Unknown,Unknown,Unknown,Unknown,Police Officer
John Finney High School,High School,2022,07/20/2022,9:25 Am,Vallejo,California,Unknown,Unknown,0,0,Unknown,-122.243859,38.111902,Unknown,Unknown,Unknown,Unknown,Unknown,Unknown,Unknown,M,Unknown
Madison Park Academy,Unknown,2022,08/29/2022,1:30 Pm,Oakland,California,Unknown,Unknown,0,1,Unknown,-122.178837,37.727297,Unknown,Unknown,Unknown,Unknown,Unknown,Unknown,12.0,M,Student
Mergenthaler Vocational Technical High School,High School,2022,09/02/2022,3:00 Pm,Baltimore,Maryland,Unknown,Unknown,1,0,Unknown,-76.5911,39.3322,Unknown,Unknown,Unknown,Unknown,Handgun,Unknown,17.0,M,Student
Treasure Cost Classical Academy,Unknown,2022,09/19/2022,Unknown,Stuart,Florida,Unknown,Unknown,0,0,Unknown,-80.234928,27.120513,Unknown,Unknown,Unknown,Unknown,Handgun,Unknown,Unknown,M,School Resource Deputy
Mankato West High School,High School,2022,09/20/2022,12:00 Pm,Mankoto,Minnesota,Unknown,Unknown,0,0,Unknown,-94.017529,44.159231,Unknown,Unknown,Unknown,Unknown,Unknown,Unknown,Unknown,M,Student
Rudsdale High School,High School,2022,09/28/2022,12:45 Pm,Oakland,California,Unknown,Unknown,0,6,Unknown,-122.153923,37.76573,Unknown,Unknown,Unknown,Unknown,Unknown,Unknown,Unknown,Unknown,Unknown
Jeremiah E. Burke High School,High School,2022,10/04/2022,9:30 Am,Dorchester,Massachusetts,Unknown,Unknown,0,1,Unknown,-71.081648,42.306942,Unknown,Unknown,Unknown,Unknown,Unknown,Unknown,17.0,M,Student
James Madison Academic Campus,Unknown,2022,10/10/2022,3:30 Pm,Milwaukee,Wisconsin,Unknown,Unknown,0,1,Unknown,-88.0128,43.1261,Unknown,Unknown,Unknown,Unknown,Unknown,Unknown,Unknown,Unknown,Unknown
Central Visual And Performing Arts High School,High School,2022,10/24/2022,9:10 Am,St. Louis,Missouri,Unknown,Unknown,2,7,Unknown,-90.270897,38.604372,Unknown,Unknown,Unknown,Unknown,Unknown,Unknown,19.0,M,Unknown
Ingraham High School,High School,2022,11/08/2022,Unknown,Seattle,Washington,Unknown,Unknown,1,0,Unknown,-122.3369,47.7257,Unknown,Unknown,Unknown,Unknown,Handgun,Unknown,14.0,M,Student
Ball Elementary School,Elementary School,2022,11/11/2022,1:26 Pm,Ball,Louisiana,Unknown,Unknown,0,2,Unknown,-89.629,39.6716,Unknown,Unknown,Unknown,Unknown,Unknown,Unknown,Unknown,Unknown,Unknown
South Vermillion High School,High School,2022,11/17/2022,9:30 Am,Clinton,Indiana,Unknown,Unknown,0,1,Unknown,-87.4138,39.689,Unknown,Unknown,Unknown,Unknown,Handgun,Unknown,Unknown,M,Sheriff Deputy
Freedom Preparatory High School,High School,2022,12/05/2022,12:27 Pm,Memphis,Tennessee,Unknown,Unknown,0,1,Unknown,-90.036586,35.032022,Unknown,Unknown,Unknown,Unknown,Unknown,Unknown,15.0,M,Student
Suitland High School,High School,2022,12/08/2022,10:00 Am,Forestville,Maryland,Unknown,Unknown,0,1,Unknown,-76.917277,38.853645,Unknown,Unknown,Unknown,Unknown,Unknown,Unknown,16.0,M,Student
Fuquay-Varina Middle School,Middle School,2022,12/08/2022,8:03 Am,Fuquay-Varina,North Carolina,Unknown,Unknown,0,0,Unknown,-78.793497,35.585093,Unknown,Unknown,Unknown,Unknown,Unknown,Unknown,12.0,Unknown,Student
Cleveland High School,High School,2022,12/12/2022,12:30 Pm,Portland,Oregon,Unknown,Unknown,0,1,Unknown,-122.6391,45.4985,Unknown,Unknown,Unknown,Unknown,Unknown,Unknown,Unknown,Unknown,Unknown
Benjamin Franklin High School,High School,2023,01/05/2023,Unknown,Rochester,New York,Unknown,Unknown,0,0,Unknown,-77.597958,43.188169,Unknown,Unknown,Unknown,Unknown,Unknown,Unknown,Unknown,Unknown,Unknown
Beechcroft High School,High School,2023,01/06/2023,11:30 Am,Columbus,Ohio,Unknown,Unknown,0,0,Unknown,-82.9647,40.0942,Unknown,Unknown,Unknown,Unknown,Unknown,Unknown,15.0,Unknown,Student
Richneck Elementary School,Elementary School,2023,01/06/2023,2:00 Pm,Newport News,Virginia,Unknown,Unknown,0,1,Unknown,-76.5237,37.1564,Unknown,Unknown,Unknown,Unknown,Handgun,Unknown,6.0,M,Student
William Penn High School,High School,2023,01/10/2023,11:40 Am,New Castle,Delaware,Unknown,Unknown,0,0,Unknown,-75.584879,39.668622,Unknown,Unknown,Unknown,Unknown,Handgun,Unknown,16.0,M,Student
Booker T. Washington High School,High School,2023,01/10/2023,3:30 Pm,New Orleans,Louisiana,Unknown,Unknown,0,1,Unknown,-90.08925,29.94991,Unknown,Unknown,Unknown,Unknown,Unknown,Unknown,Unknown,Unknown,Unknown
Plaza Academy,Unknown,2023,01/24/2023,12:34 Pm,Kansas City,Missouri,Unknown,Unknown,0,1,Unknown,-94.59127529,39.0554877,Unknown,Unknown,Unknown,Unknown,Unknown,Unknown,Unknown,Unknown,Unknown
Taylorsville High School,High School,2023,01/26/2023,Unknown,Taylorsville,Utah,Unknown,Unknown,0,0,Unknown,-111.936978,40.655508,Unknown,Unknown,Unknown,Unknown,Unknown,Unknown,Unknown,Unknown,Student
Gila Ridge High School,High School,2023,01/30/2023,8:30 Am,Yuma,Arizona,Unknown,Unknown,0,2,Unknown,-114.5107,32.6857,Unknown,Unknown,Unknown,Unknown,Unknown,Unknown,Unknown,Unknown,Unknown
Geary Elementary School,Elementary School,2023,01/31/2023,Unknown,Geary,Oklahoma,Unknown,Unknown,0,0,Unknown,-98.324487,35.629468,Unknown,Unknown,Unknown,Unknown,Rifle,Legally Purchased By Shooter,Unknown,Unknown,Parent Of Student
Ridgeview Jr. High School,High School,2023,02/02/2023,10:00 Am,Pickerington,Ohio,Unknown,Unknown,0,0,Unknown,-88.6136,40.5638,Unknown,Unknown,Unknown,Unknown,Unknown,Unknown,Unknown,M,Unknown
Ps 78,Unknown,2023,02/13/2023,12:35 Pm,Staten Island,New York,Unknown,Unknown,0,0,Unknown,-74.0787,40.6223,Unknown,Unknown,Unknown,Unknown,Unknown,Unknown,Unknown,Unknown,Unknown
Dalhart Isd Schools,Unknown,2023,02/13/2023,12:00 Pm,Dalhart,Texas,Unknown,Unknown,1,0,Unknown,-102.499399,36.047164,Unknown,Unknown,Unknown,Unknown,Unknown,Unknown,Unknown,Unknown,Unknown
Westinghouse Academy,Unknown,2023,02/14/2023,Unknown,Pittsburgh,Pennsylvania,Unknown,Unknown,0,4,Unknown,-79.9012,40.4609,Unknown,Unknown,Unknown,Unknown,Unknown,Unknown,Unknown,Unknown,Unknown
Palo Duro High School,High School,2023,03/06/2023,2:00 Pm,Amarillo,Texas,Unknown,Unknown,0,1,Unknown,-101.824434,35.228498,Unknown,Unknown,Unknown,Unknown,Unknown,Unknown,Unknown,Unknown,Unknown
Lamar High School,High School,2023,03/20/2023,6:55 Am,Arlington,Texas,Unknown,Unknown,1,1,Unknown,-97.125993,32.763804,Unknown,Unknown,Unknown,Unknown,Unknown,Unknown,Unknown,M,Student
Anniston High School,High School,2023,03/22/2023,12:45 Pm,Anniston,Alabama,Unknown,Unknown,0,1,Unknown,-85.82,33.6612,Unknown,Unknown,Unknown,Unknown,Unknown,Unknown,Unknown,Unknown,Student
East High School,High School,2023,03/22/2023,9:55 Am,Denver,Colorado,Unknown,Unknown,0,2,Unknown,-104.9557,39.7416,Unknown,Unknown,Unknown,Unknown,Ghost Gun,Unknown,17.0,M,Student
Northridge Middle School,Middle School,2023,03/24/2023,Unknown,Middlebury,Indiana,Unknown,Unknown,0,0,Unknown,-85.726857,41.672866,Unknown,Unknown,Unknown,Unknown,Unknown,Unknown,Unknown,Unknown,Staff Member
The Covenant School,Unknown,2023,03/27/2023,10:13 Am,Nashville,Tennessee,Unknown,Unknown,6,0,Unknown,-86.82526612,36.09286762,Unknown,Unknown,Unknown,Unknown,Unknown,Unknown,28.0,F,Former Student
George Wythe High School,High School,2023,04/27/2023,12:02 Pm,Richmond,Virginia,Unknown,Unknown,0,2,Unknown,-77.483075,37.510274,Unknown,Unknown,Unknown,Unknown,Unknown,Unknown,18.0,M,Student
West High School,High School,2023,04/28/2023,9:20 Am,Knoxville,Tennessee,Unknown,Unknown,0,1,Unknown,-83.973,35.9485,Unknown,Unknown,Unknown,Unknown,Handgun,Unknown,14.0,M,Student
International Academy Of Flint K12,Unknown,2023,05/02/2023,3:30 Pm,Flint,Michigan,Unknown,Unknown,0,1,Unknown,-83.6785,42.9966,Unknown,Unknown,Unknown,Unknown,Unknown,Unknown,27.0,F,Parent
Von Tobel Ed Ms,Unknown,2023,05/08/2023,12:30 Pm,Las Vegas,Nevada,Unknown,Unknown,0,1,Unknown,-115.097412,36.20418,Unknown,Unknown,Unknown,Unknown,Unknown,Unknown,18.0,M,Unknown
E. Washington Rhodes Elementary School,Elementary School,2023,05/08/2023,11:30 Am,Philadelphia,Pennsylvania,Unknown,Unknown,0,0,Unknown,-75.1781,40.0028,Unknown,Unknown,Unknown,Unknown,Unknown,Unknown,Unknown,Unknown,Student
Roosevelt High School,High School,2023,05/17/2023,2:25 Pm,Washington,District Of Columbia,Unknown,Unknown,1,0,Unknown,-77.029177,38.942971,Unknown,Unknown,Unknown,Unknown,Unknown,Unknown,Unknown,Unknown,Unknown
St. John'S Prep,Unknown,2023,05/22/2023,Unknown,Danvers,Massachusetts,Unknown,Unknown,0,0,Unknown,-70.95260296,42.5826821,Unknown,Unknown,Unknown,Unknown,Unknown,Unknown,Unknown,M,Police Officer
Oliver Citywide Academy,Unknown,2023,05/24/2023,7:30 Am,Pittsburgh,Pennsylvania,Unknown,Unknown,1,0,Unknown,-80.024121,40.464327,Unknown,Unknown,Unknown,Unknown,Unknown,Unknown,15.0,M,Student
Michigan Collegiate High School,High School,2023,06/05/2023,2:40 Pm,Warren,Michigan,Unknown,Unknown,0,0,Unknown,-83.066681,42.522585,Unknown,Unknown,Unknown,Unknown,Handgun,Unknown,22.0,M,Associate Of Student
