LONCOD,LATCOD,CDCODE,year_x,school,city,state,address,urbanrural,race,killed_x,injured_x,victims,type,NCESSCH,month_year_x,uid,nces_school_id,nces_district_id,district_name,date,school_year,year_y,time,day_of_week,school_type,enrollment,killed_y,injured_y,casualties,shooting_type,age_shooter1,gender_shooter1,race_ethnicity_shooter1,shooter_relationship1,shooter_deceased1,deceased_notes1,age_shooter2,gender_shooter2,race_ethnicity_shooter2,shooter_relationship2,shooter_deceased2,deceased_notes2,white,black,hispanic,asian,american_indian_alaska_native,hawaiian_native_pacific_islander,two_or_more,resource_officer,weapon,weapon_source,lat,long,staffing,low_grade,high_grade,lunch,county,state_fips,county_fips,ulocale,month_year_y
-75.5849,39.6681,1000.0,2009,William Penn High School,New Castle,Delaware,713 E Basin Rd,suburbtown,BLACK,0,1,1,High School,100023000209.0,2009-01,366,100023000209,1000230.0,Colonial School District,2023-01-10,2022-2023,2023,11:40 AM,Monday,public,2270,0,0,0,accidental,16.0,m,,student,,,,,,,,,551.0,1074.0,511,47.0,11.0,11.0,65.0,0,handgun,,39.668622,-75.584879,128.0,9,12,,New Castle County,10,10003,21.0,2023-01
-83.1139767,42.383593,,2009,Central High School,Detroit,Michigan,2425 Tuxedo St,urban,,0,1,1,High School,260110304670.0,2009-02,70,261200004670,2612000.0,Detroit City School District,2005-12-06,2005-2006,2005,1:30 PM,Tuesday,public,1205,0,1,1,indiscriminate,18.0,m,,,0.0,,,,,,,,5.0,1194.0,0,1.0,5.0,,,0,,,42.38469,-83.11269,55.2,8,12,897,Wayne County,26,26163,11.0,2005-12
-83.1139767,42.383593,,2009,Central High School,Detroit,Michigan,2425 Tuxedo St,urban,,0,1,1,High School,260110304670.0,2009-02,105,261200004670,2612000.0,Detroit City School District,2009-02-17,2008-2009,2009,2:00 PM,Tuesday,public,919,0,2,2,targeted,17.0,m,,non-student,0.0,,,,,,,,4.0,913.0,0,0.0,2.0,,,1,handgun,,42.3837,-83.1115,57.2,9,12,640,Wayne County,26,26163,11.0,2009-02
-93.77398,32.503605,2204.0,2009,Booker T. Washington High School,Shreveport,Louisiana,2104 Milam St,urban,BLACK,0,1,1,High School,220030000208.0,2009-12,113,220030000208,2200300.0,Caddo Parish,2009-12-11,2009-2010,2009,8:10 AM,Friday,public,336,0,1,1,targeted,28.0,m,b,ex-boyfriend of student,0.0,,,,,,,,1.0,335.0,0,0.0,0.0,,,1,handgun,,32.503605,-93.77398,34.55,9,12,278,Caddo Parish,22,22017,12.0,2009-12
-86.741148,34.740322,105.0,2010,Discovery Middle School,Madison,Alabama,1304 Hughes Rd,suburbtown,WHITE,1,0,1,Middle School,10000800495.0,2010-02,114,010000800495,100008.0,Madison City,2010-02-05,2009-2010,2010,1:45 PM,Friday,public,1000,1,0,1,targeted,14.0,m,a,student,0.0,,,,,,,,707.0,188.0,27,50.0,8.0,,,1,.22-caliber pistol,friend's home,34.740322,-86.741148,54.5,7,9,176,Madison County,1,1089,22.0,2010-02
-105.102,39.5869,806.0,2010,Deer Creek Middle School,Littleton,Colorado,9201 W Columbine Dr,suburbtown,WHITE,0,2,2,Elementary School,80480001315.0,2010-02,115,080480001315,804800.0,Jefferson County School District No. R-1,2010-02-23,2009-2010,2010,3:14 PM,Tuesday,public,516,0,2,2,indiscriminate,32.0,m,w,,0.0,,,,,,,,436.0,7.0,46,23.0,4.0,,,0,hunting rifle,,39.5869,-105.102,28.2,7,8,60,Jefferson County,8,8059,21.0,2010-02
-118.209757,33.954604,639.0,2010,South Gate High School,South Gate,California,3351 Firestone Blvd,suburbtown,HISP,0,1,1,High School,62271003364.0,2010-05,117,062271003364,622710.0,Los Angeles Unified,2010-05-18,2009-2010,2010,7:51 AM,Tuesday,public,3289,0,1,1,targeted,15.0,m,,student,0.0,,,,,,,,12.0,11.0,3251,3.0,10.0,0.0,2.0,0,,,33.954604,-118.209757,126.1,9,12,2373,Los Angeles County,6,6037,21.0,2010-05
-121.595961,36.686184,617.0,2010,Alisal High School,Salinas,California,777 Williams Rd,urban,HISP,1,0,1,High School,63398005332.0,2010-10,120,063398005332,633980.0,Salinas Union High,2010-10-01,2010-2011,2010,7:53 AM,Friday,public,2478,1,0,1,targeted,,m,,,0.0,,,,,,,,14.0,10.0,2420,28.0,1.0,5.0,0.0,0,,,36.686184,-121.595961,,3,12,1869,Monterey County,6,6053,12.0,2010-10
-117.311227,33.14836,650.0,2010,Kelly Elementary School,Carlsbad,California,4885 Kelly Dr,urban,WHITE,0,2,2,Elementary School,60750000711.0,2010-10,121,060750000711,607500.0,Carlsbad Unified,2010-10-08,2010-2011,2010,12:00 PM,Friday,public,477,0,2,2,indiscriminate,41.0,m,w,none,0.0,,,,,,,,314.0,12.0,67,36.0,3.0,0.0,45.0,0,.357-caliber magnum revolver,,33.14836,-117.311227,,KG,5,45,San Diego County,6,6073,12.0,2010-10
-96.146049,41.203481,3102.0,2011,Millard South High School,Omaha,Nebraska,14905 Q St,urban,WHITE,1,1,2,High School,317374001251.0,2011-01,123,317374001251,3173740.0,Millard Public Schools,2011-01-05,2010-2011,2011,12:45 PM,Wednesday,public,2043,1,2,3,targeted and indiscriminate,17.0,m,b,student,1.0,suicide,,,,,,,1668.0,79.0,186,32.0,12.0,6.0,60.0,0,Glock .40-caliber S&W pistol,father,41.203481,-96.146049,135.5,9,12,475,Douglas County,31,31055,11.0,2011-01
-120.779419,38.735106,604.0,2011,Louisiana Schnell Elementary School,Placerville,California,2871 Schnell School Rd,suburbtown,WHITE,1,0,1,Elementary School,63078004786.0,2011-02,125,063078004786,630780.0,Placerville Union Elementary,2011-02-02,2010-2011,2011,10:37 AM,Wednesday,public,424,1,0,1,targeted,44.0,m,w,janitor,0.0,,,,,,,,259.0,2.0,121,3.0,8.0,0.0,31.0,0,.357-caliber revolver,legally purchased by shooter,38.735106,-120.779419,,KG,5,264,El Dorado County,6,6017,32.0,2011-02
-81.494124,28.673157,1224.0,2011,Sheeler Charter High School,Apopka,Florida,871 E Semoran Blvd,suburbtown,BLACK,0,1,1,High School,120144003884.0,2011-04,127,120144003884,1201440.0,Orange,2011-04-13,2010-2011,2011,12:00 PM,Wednesday,public,465,0,1,1,accidental,17.0,m,b,,0.0,,,,,,,,104.0,250.0,101,2.0,1.0,0.0,7.0,1,,,28.673157,-81.494124,7.0,9,12,183,Orange County,12,12065,21.0,2011-04
-95.341835,29.800326,4818.0,2011,Ross Elementary School,Houston,Texas,2819 Bay St,urban,BLACK,0,2,2,Elementary School,482364002572.0,2011-04,128,482364002572,4823640.0,Houston ISD,2011-04-19,2010-2011,2011,10:20 AM,Tuesday,public,462,0,2,2,accidental,6.0,m,,student,0.0,,,,,,,,1.0,301.0,145,2.0,9.0,1.0,3.0,0,.380-caliber semi-automatic,"mother's friend, home shooter was staying",29.800326,-95.341835,27.32,PK,5,263,Harris County,48,48201,11.0,2011-04
-78.762384,35.034044,3707.0,2011,Cape Fear High School,Fayetteville,North Carolina,4762 Clinton Rd,rural,WHITE,0,1,1,High School,370001100402.0,2011-10,129,370001100402,3700011.0,Cumberland County Schools,2011-10-24,2011-2012,2011,1:00 PM,Monday,public,1575,0,1,1,targeted,15.0,m,,student,0.0,,,,,,,,913.0,437.0,83,9.0,71.0,3.0,59.0,0,.22-caliber Daisy rifle,,35.034044,-78.762384,93.86,9,12,690,Cumberland County,37,37051,41.0,2011-10
-95.26259,29.868788,4818.0,2012,North Forest High School,Houston,Texas,10726 Mesa Dr,urban,BLACK,0,1,1,High School,483306003674.0,2012-01,131,483306003674,4833060.0,North Forest ISD,2012-01-10,2011-2012,2012,12:30 PM,Tuesday,public,1274,0,1,1,targeted,18.0,m,,student,0.0,,,,,,,,8.0,868.0,395,0.0,2.0,1.0,0.0,1,handgun,,29.868788,-95.26259,88.68,9,12,1271,Harris County,48,48201,11.0,2012-01
-95.26259,29.868788,4818.0,2012,North Forest High School,Houston,Texas,10726 Mesa Dr,urban,BLACK,0,1,1,High School,483306003674.0,2012-01,276,482364013022,4823640.0,Houston Isd,2021-06-09,2020-2021,2021,10:30 AM,Wednesday,public,976,0,1,1,targeted,,,,,,,,,,,,,6.0,570.0,397,0.0,2.0,0.0,1.0,0,,,29.867029,-95.259744,58.28,9,12,931,Harris County,48,48201,11.0,2021-06
-81.199958,41.591297,3914.0,2012,Chardon High School,Chardon,Ohio,151 Chardon Ave,suburbtown,WHITE,3,3,6,High School,390471802789.0,2012-02,134,390471802789,3904718.0,Chardon Local,2012-02-27,2011-2012,2012,7:30 AM,Monday,public,1058,3,3,6,indiscriminate,17.0,m,w,"student at neighboring school, rode bus with some victims",0.0,,,,,,,,1028.0,5.0,9,4.0,4.0,0.0,8.0,0,Ruger MK III .22 caliber semi-automatic handgun,uncle,41.591297,-81.199958,58.0,9,12,193,Geauga County,39,39055,31.0,2012-02
-81.624244,30.3101978,,2012,Episcopal School of Jacksonville,Jacksonville,Florida,4455 Atlantic Blvd,urban,WHITE,1,0,1,High School,259508.0,2012-03,135,259508,,,2012-03-06,2011-2012,2012,1:15 PM,Tuesday,private,869,1,0,1,targeted,28.0,m,w,fired teacher,1.0,suicide,,,,,,,753.0,44.0,25,5.0,3.0,0.0,39.0,0,AK-47 assault-style rifle,legally purchased at gun show,30.308617,-81.617917,92.8,6,12,,Duval County,12,12031,11.0,2012-03
-79.068506,35.879122,3704.0,2012,Mary Scroggs Elementary School,Chapel Hill,North Carolina,501 Kildaire Road,urban,WHITE,1,0,1,Elementary School,370072002474.0,2012-05,137,370072002474,3700720.0,Chapel Hill-Carrboro Schools,2012-05-25,2011-2012,2012,2:00 PM,Friday,public,614,1,0,1,targeted,49.0,m,,parent of students,0.0,,,,,,,,325.0,32.0,106,66.0,1.0,0.0,84.0,0,Charter Arms .44 Bulldog revolver,,35.879122,-79.068506,42.73,KG,5,135,Orange County,37,37135,13.0,2012-05
-76.466091,39.39186,2401.0,2012,Perry Hall High School,Baltimore,Maryland,4601 Ebenezer Road,suburbtown,WHITE,0,1,1,High School,240012000446.0,2012-08,138,240012000446,2400120.0,Baltimore County Public Schools,2012-08-27,2012-2013,2012,10:45 AM,Monday,public,2209,0,1,1,indiscriminate,15.0,m,w,student,0.0,,,,,,,,1361.0,508.0,79,213.0,2.0,1.0,45.0,1,shotgun,,39.39186,-76.466091,129.6,9,12,550,Baltimore County,24,24005,21.0,2012-08
-84.387442,33.708772,1305.0,2013,Price Middle School,Atlanta,Georgia,1670 Benjamin Weldon Bickers Dr SE,urban,BLACK,0,1,1,Middle School,130012000060.0,2013-01,143,130012000060,1300120.0,Atlanta Public Schools,2013-01-31,2012-2013,2013,1:50 PM,Thursday,public,403,0,1,1,targeted,15.0,m,,student,0.0,,,,,,,,0.0,380.0,20,0.0,0.0,0.0,3.0,1,small-caliber handgun,,33.708772,-84.387442,36.0,6,8,384,Fulton County,13,13121,11.0,2013-01
-80.453001,25.5369,1226.0,2013,Redland Middle School,Homestead,Florida,16001 SW 248th St,rural,HISP,0,1,1,Middle School,120039000578.0,2013-05,145,120039000578,1200390.0,Dade,2013-05-23,2012-2013,2013,,Thursday,public,493,0,1,1,accidental,11.0,m,,student,0.0,,,,,,,,44.0,185.0,257,3.0,0.0,0.0,4.0,0,.38 caliber handgun,,25.5369,-80.453001,30.0,6,8,448,Miami-Dade County,12,12086,41.0,2013-05
-81.477878,28.5756506,,2013,Agape Christian Academy,Pine Hills,Florida,2425 N Hiawassee Rd,suburbtown,BLACK,0,2,2,PreK-12,,2013-10,148,A0300751,,,2013-10-04,2013-2014,2013,2:00 PM,Friday,private,331,0,2,2,targeted,,,,none,0.0,,,,,,,,3.0,259.0,4,0.0,0.0,65.0,0.0,0,,,28.57586,-81.475051,22.0,K,12,,Orange County,12,12095,21.0,2013-10
-119.7694,39.5517,3202.0,2013,Sparks Middle School,Sparks,Nevada,2275 18th St,suburbtown,HISP,1,2,3,Middle School,320048000247.0,2013-10,150,320048000247,3200480.0,Washoe County School District,2013-10-21,2013-2014,2013,7:15 AM,Monday,public,721,1,2,3,indiscriminate,12.0,m,h,student,1.0,suicide,,,,,,,146.0,13.0,501,26.0,4.0,9.0,22.0,0,Ruger SR9C semi-automatic handgun (9mm),father,39.5517,-119.7694,35.0,7,8,538,Washoe County,32,32031,21.0,2013-10
-81.5673,28.5428,1210.0,2013,West Orange High School,Winter Garden,Florida,1625 Beulah Rd,suburbtown,WHITE,0,1,1,High School,120144001454.0,2013-12,152,120144001454,1201440.0,Orange,2013-12-04,2013-2014,2013,1:15 PM,Wednesday,public,3749,0,1,1,targeted,17.0,m,b,student,0.0,,,,,,,,1927.0,594.0,898,211.0,28.0,11.0,80.0,1,,,28.5428,-81.5673,158.0,9,12,1255,Orange County,12,12095,21.0,2013-12
-104.9628,39.5817,806.0,2013,Arapahoe High School,Centennial,Colorado,2201 E Dry Creek Rd,suburbtown,WHITE,1,0,1,High School,80531000873.0,2013-12,153,080531000873,805310.0,"Littleton, School District No. 6, In The County Of Arapahoe",2013-12-13,2013-2014,2013,12:30 PM,Friday,public,2273,1,0,1,targeted,18.0,m,w,student,1.0,suicide,,,,,,,1879.0,26.0,225,57.0,9.0,3.0,74.0,1,Savage Arms Stevens Model 320 pump-action shotgun,legally purchased by shooter at Cabela's,39.5817,-104.9628,98.96,9,12,200,Arapahoe County,8,8005,21.0,2013-12
-88.7593,35.675,4708.0,2014,Liberty Technology Magnet High School,Jackson,Tennessee,3470 Ridgecrest Rd Exd,rural,BLACK,0,1,1,High School,470258002032.0,2014-01,154,470258002032,4702580.0,Madison County,2014-01-09,2013-2014,2014,2:21 PM,Thursday,public,802,0,1,1,targeted,16.0,m,b,student,0.0,,,,,,,,275.0,503.0,15,2.0,2.0,0.0,5.0,0,handgun,,35.675,-88.7593,60.3,9,12,561,Madison County,47,47113,41.0,2014-01
-104.5115,33.4736,3502.0,2014,Berrendo Middle School,Roswell,New Mexico,485 Calle Don Tomas,rural,WHITE,0,2,2,Middle School,350225000506.0,2014-01,155,350225000506,3502250.0,Roswell Independent Schools,2014-01-14,2013-2014,2014,7:30 AM,Tuesday,public,632,0,3,3,targeted,12.0,m,w,student,0.0,,,,,,,,311.0,6.0,302,9.0,1.0,2.0,1.0,1,shotgun,,33.4736,-104.5115,36.5,6,8,365,Chaves County,35,35005,41.0,2014-01
-80.4849,35.6648,3712.0,2014,Salisbury High School,Salisbury,North Carolina,500 Lincolnton Rd,suburbtown,BLACK,0,1,1,High School,370405002253.0,2014-02,161,370405002253,3704050.0,Rowan-Salisbury Schools,2014-02-10,2013-2014,2014,2:41 PM,Monday,public,858,0,1,1,targeted,17.0,m,b,,0.0,,,,,,,,274.0,399.0,140,22.0,5.0,0.0,18.0,1,9mm gun (type unknown),,35.6648,-80.4849,54.53,9,12,577,Rowan County,37,37159,22.0,2014-02
-122.4026,45.5285,4103.0,2014,Reynolds High School,Troutdale,Oregon,1698 SW Cherry Park Rd,suburbtown,WHITE,1,1,2,High School,411052001009.0,2014-06,165,411052001009,4110520.0,Reynolds SD 7,2014-06-10,2013-2014,2014,8:07 AM,Tuesday,public,2806,1,1,2,indiscriminate,15.0,m,w,student,1.0,suicide,,,,,,,1208.0,231.0,917,263.0,21.0,41.0,125.0,1,M4 AR-15 rifle,brother,45.5285,-122.4026,106.78,9,12,1744,Multnomah County,41,41051,21.0,2014-06
-80.243461,25.84814,1224.0,2014,Stellar Leadership Academy,Miami,Florida,7900 NW 27th Ave,suburbtown,BLACK,0,1,1,High School,120039005495.0,2014-09,166,120039005495,1200390.0,Dade,2014-09-09,2014-2015,2014,,Tuesday,public,233,0,1,1,targeted,,,,,0.0,,,,,,,,0.0,204.0,29,0.0,0.0,0.0,0.0,0,,,25.84814,-80.243461,13.0,9,12,62,Miami-Dade County,12,12086,21.0,2014-09
-85.592357,38.156605,2103.0,2014,Fern Creek High School,Louisville,Kentucky,9115 Fern Creek Rd,urban,WHITE,0,1,1,High School,210299000628.0,2014-09,167,210299000628,2102990.0,Jefferson County,2014-09-30,2014-2015,2014,1:00 PM,Tuesday,public,1545,0,1,1,targeted,16.0,m,b,student,0.0,,,,,,,,716.0,577.0,136,73.0,1.0,1.0,41.0,1,handgun,,38.156605,-85.592357,82.9,9,12,930,Jefferson County,21,21111,11.0,2014-09
-96.69975,43.43212,4600.0,2015,Harrisburg High School,Harrisburg,South Dakota,1300 West Willow St,rural,WHITE,0,1,1,High School,463135000264.0,2015-09,173,463135000264,4631350.0,Harrisburg School District 41-2,2015-09-30,2015-2016,2015,10:00 AM,Wednesday,public,802,0,1,1,targeted,16.0,m,w,student,0.0,,,,,,,,738.0,12.0,17,9.0,10.0,0.0,16.0,0,handgun,,43.43212,-96.6998,64.2,9,12,117,Lincoln County,46,46083,41.0,2015-09
-92.779558,33.651403,504.0,2016,Harmony Grove High School,Camden,Arkansas,401 Ouachita Rd 88,rural,WHITE,0,1,1,High School,50729000443.0,2016-01,177,050729000443,507290.0,Harmony Grove School District,2016-01-13,2015-2016,2016,3:00 PM,Wednesday,public,393,0,1,1,accidental,17.0,m,,student,0.0,,,,,,,,294.0,69.0,20,3.0,0.0,1.0,6.0,0,pistol,,33.6514,-92.7796,47.17,7,12,195,Ouachita County,5,5103,42.0,2016-01
-112.221045,33.53216,407.0,2016,Independence High School,Glendale,Arizona,6602 N 75th Avenue,suburbtown,HISP,1,0,1,High School,40345000284.0,2016-02,179,040345000284,403450.0,Glendale Union High School District,2016-02-12,2015-2016,2016,7:53 AM,Friday,public,2114,1,0,1,targeted,15.0,f,,student,1.0,suicide,,,,,,,247.0,190.0,1535,42.0,29.0,3.0,68.0,0,9mm Beretta pistol,"classmate, who took from parents",33.53216,-112.221,89.6,9,12,1584,Maricopa County,4,4013,21.0,2016-02
-86.681986,33.612911,107.0,2016,Huffman High School,Birmingham,Alabama,950 Springville Rd,urban,BLACK,0,1,1,High School,10039000141.0,2016-03,181,010039000141,100390.0,Birmingham City,2016-03-15,2015-2016,2016,2:30 PM,Tuesday,public,1433,0,1,1,targeted,19.0,m,b,brother of student,0.0,,,,,,,,13.0,1341.0,63,2.0,6.0,0.0,8.0,1,,,33.61291,-86.682,66.0,9,12,775,Jefferson County,1,1073,12.0,2016-03
-86.681986,33.612911,107.0,2016,Huffman High School,Birmingham,Alabama,950 Springville Rd,urban,BLACK,0,1,1,High School,10039000141.0,2016-03,211,010039000141,100390.0,Birmingham City,2018-03-07,2017-2018,2018,3:45 PM,Wednesday,public,1433,1,0,1,accidental,17.0,m,b,student,0.0,,,,,,,,13.0,1341.0,63,2.0,6.0,0.0,8.0,1,pistol,,33.61291,-86.682,66.0,9,12,775,Jefferson County,1,1073,12.0,2018-03
-86.681986,33.612911,107.0,2018,Huffman High School,Birmingham,Alabama,950 Springville Road,urban,BLACK,1,1,2,High School,10039000141.0,2018-03,181,010039000141,100390.0,Birmingham City,2016-03-15,2015-2016,2016,2:30 PM,Tuesday,public,1433,0,1,1,targeted,19.0,m,b,brother of student,0.0,,,,,,,,13.0,1341.0,63,2.0,6.0,0.0,8.0,1,,,33.61291,-86.682,66.0,9,12,775,Jefferson County,1,1073,12.0,2016-03
-86.681986,33.612911,107.0,2018,Huffman High School,Birmingham,Alabama,950 Springville Road,urban,BLACK,1,1,2,High School,10039000141.0,2018-03,211,010039000141,100390.0,Birmingham City,2018-03-07,2017-2018,2018,3:45 PM,Wednesday,public,1433,1,0,1,accidental,17.0,m,b,student,0.0,,,,,,,,13.0,1341.0,63,2.0,6.0,0.0,8.0,1,pistol,,33.61291,-86.682,66.0,9,12,775,Jefferson County,1,1073,12.0,2018-03
-103.665798,30.371983,4823.0,2016,Alpine High School,Alpine,Texas,704 W Sul Ross Ave,suburbtown,WHITE,0,1,1,High School,480795000124.0,2016-09,182,480795000124,4807950.0,Alpine ISD,2016-09-08,2016-2017,2016,9:00 AM,Thursday,public,292,0,1,1,targeted,14.0,f,,student,1.0,suicide,,,,,,,97.0,2.0,190,1.0,0.0,1.0,1.0,0,9-mm. semi-automatic handgun,,30.371983,-103.665798,31.32,9,12,111,Brewster County,48,48043,33.0,2016-09
-82.973741,40.00914,3903.0,2016,Linden-McKinley STEM Academy,Columbus,Ohio,1320 Duxberry Ave,urban,BLACK,0,2,2,Grades 7-12,390438000672.0,2016-10,185,390438000672,3904380.0,Columbus City School District,2016-10-13,2016-2017,2016,2:40 PM,Thursday,public,719,0,2,2,targeted,,m,,,0.0,,,,,,,,56.0,582.0,35,2.0,1.0,0.0,43.0,1,,,40.00952,-82.974011,50.0,7,12,619,Franklin County,39,39049,11.0,2016-10
-111.873061,40.60715,4904.0,2016,Union Middle School,Sandy,Utah,615 E 8000 South,suburbtown,WHITE,0,1,1,Middle School,490014200328.0,2016-10,187,490014200328,4900142.0,Canyons District,2016-10-25,2016-2017,2016,3:00 PM,Tuesday,public,907,0,1,1,targeted,14.0,m,,student,0.0,,,,,,,,592.0,15.0,226,16.0,5.0,21.0,32.0,1,,mother,40.60715,-111.873061,,6,8,389,Salt Lake County,49,49035,21.0,2016-10
-81.71303,33.521766,4502.0,2017,South Aiken High School,Aiken,South Carolina,232 E Pine Log Rd,suburbtown,WHITE,0,3,3,High School,450072001202.0,2017-01,241,450072001202,4500720.0,Aiken 01,2019-09-10,2019-2020,2019,,Tuesday,public,1405,0,0,0,unclear,,,,,,,,,,,,,840.0,391.0,99,19.0,6.0,1.0,49.0,0,,,33.521766,-81.71303,78.8,9,12,441,Aiken County,45,45003,21.0,2019-09
-117.301345,34.179349,631.0,2017,North Park Elementary School,San Bernardino,California,5378 N H St,urban,HISP,2,1,3,Elementary School,63417005375.0,2017-04,192,063417005375,634170.0,San Bernardino City Unified,2017-04-10,2016-2017,2017,10:30 AM,Monday,public,531,2,1,3,targeted,53.0,m,b,husband of teacher,1.0,suicide,,,,,,,61.0,60.0,360,9.0,3.0,0.0,38.0,0,Smith & Wesson .357 Magnum revolver,,34.179206,-117.301804,19.0,KG,6,407,San Bernardino County,6,6071,12.0,2017-04
-87.574964,41.727731,1702.0,2017,Warren Elementary School,Chicago,Illinois,9239 S Jeffery Ave,urban,BLACK,0,2,2,Elementary School,170993001166.0,2017-06,195,170993001166,1709930.0,City of Chicago SD 299,2017-06-16,2016-2017,2017,1:51 PM,Friday,public,280,0,2,2,targeted,,m,b,,0.0,,,,,,,,0.0,275.0,4,0.0,0.0,0.0,1.0,1,,,41.726922,-87.575184,14.1,PK,8,263,Cook County,17,17031,11.0,2017-06
-117.19638,47.519667,5305.0,2017,Freeman High School,Rockford,Washington,14626 S Jackson Rd,rural,WHITE,1,3,4,High School,530297000485.0,2017-09,197,530297000485,5302970.0,Freeman School District,2017-09-13,2017-2018,2017,10:00 AM,Wednesday,public,330,1,3,4,indiscriminate,15.0,m,w,student,0.0,,,,,,,,282.0,7.0,23,5.0,4.0,0.0,9.0,1,"AR-15, pistol",father,47.519667,-117.19638,16.61,9,12,69,Spokane County,53,53063,42.0,2017-09
-88.386955,39.474405,1715.0,2017,Mattoon High School,Mattoon,Illinois,2521 Walnut Ave,suburbtown,WHITE,0,1,1,High School,172505002734.0,2017-09,198,172505002734,1725050.0,Mattoon CUSD 2,2017-09-20,2017-2018,2017,11:30 AM,Wednesday,public,1047,0,1,1,targeted,14.0,m,w,student,0.0,,,,,,,,931.0,36.0,40,9.0,1.0,1.0,29.0,1,.40-caliber Ruger semiautomatic pistol,stepfather,39.474405,-88.386955,58.05,9,12,518,Coles County,17,17029,32.0,2017-09
-84.524561,42.739616,2608.0,2017,Pattengill Academy,Lansing,Michigan,626 Marshall St,urban,BLACK,0,1,1,Middle School,262115008414.0,2017-11,199,262115008414,2621150.0,Lansing Public School District,2017-11-03,2017-2018,2017,4:30 PM,Friday,public,506,0,1,1,accidental,21.0,m,b,,0.0,,,,,,,,135.0,180.0,125,11.0,4.0,0.0,51.0,0,handgun,puchased legally by shooter from Dicker & Deal,42.73889,-84.5243,27.84,4,6,393,Ingham County,26,26065,12.0,2017-11
-122.398455,40.015716,601.0,2017,Rancho Tehama Elementary School,Corning,California,17357 Stagecoach Rd,rural,HISP,0,1,1,Elementary School,60978004178.0,2017-11,201,060978004178,609780.0,Corning Union Elementary,2017-11-14,2017-2018,2017,7:50 AM,Tuesday,public,101,0,2,2,targeted and indiscriminate,44.0,m,w,had beef with family of student at school,1.0,suicide,,,,,,,44.0,2.0,49,3.0,2.0,0.0,1.0,0,handmade AR-15-type rifle,contructed from parts legally purchased by shooter,40.015716,-122.398455,5.1,KG,5,84,Tehama County,6,6103,43.0,2017-11
-107.990243,36.820718,3503.0,2017,Aztec High School,Aztec,New Mexico,500 E Chaco St,suburbtown,WHITE,2,0,2,High School,350015000135.0,2017-12,202,350015000135,3500150.0,Aztec Municipal Schools,2017-12-07,2017-2018,2017,8:04 AM,Thursday,public,905,2,0,2,indiscriminate,21.0,m,w,former student,1.0,suicide,,,,,,,495.0,7.0,225,2.0,170.0,2.0,4.0,0,9mm Glock,legally purchased by shooter,36.820644,-107.990379,52.5,9,12,432,San Juan County,35,35045,31.0,2017-12
-96.878968,32.181129,4806.0,2018,Italy High School,Italy,Texas,300 College St,rural,WHITE,0,1,1,High School,482445002740.0,2018-01,204,482445002740,4824450.0,Italy ISD,2018-01-22,2017-2018,2018,7:53 AM,Monday,public,288,0,1,1,targeted,16.0,m,w,student,0.0,,,,,,,,141.0,43.0,94,0.0,0.0,0.0,10.0,0,semi-automatic .380 caliber handgun,,32.181129,-96.878968,29.21,6,12,173,Ellis County,48,48139,42.0,2018-01
-88.332917,36.912835,2101.0,2018,Marshall County High School,Benton,Kentucky,416 High School Road,rural,WHITE,2,14,16,High School,210381000976.0,2018-01,206,210381000976,2103810.0,Marshall County,2018-01-23,2017-2018,2018,7:57 AM,Tuesday,public,1384,2,14,16,indiscriminate,15.0,m,w,student,0.0,,,,,,,,1353.0,1.0,14,2.0,3.0,0.0,11.0,1,handgun,stepfather's bedroom,36.912835,-88.332917,73.1,9,12,584,Marshall County,21,21157,42.0,2018-01
-80.268717,26.304429,1222.0,2018,Marjory Stoneman Douglas High School,Parkland,Florida,5901 Pine Island Rd,suburbtown,WHITE,17,14,31,High School,120018002721.0,2018-02,209,120018002721,1200180.0,Broward,2018-02-14,2017-2018,2018,2:21 PM,Wednesday,public,3158,17,17,34,indiscriminate,19.0,m,w,former student (expelled),0.0,,,,,,,,1871.0,364.0,623,210.0,17.0,2.0,71.0,1,Smith & Wesson M&P15,legally purchased by shooter,26.304483,-80.269365,129.0,9,12,710,Broward County,12,12011,21.0,2018-02
-76.487496,38.247434,2405.0,2018,Great Mills High School,Great Mills,Maryland,21130 Great Mills Rd,suburbtown,WHITE,1,1,2,High School,240060001224.0,2018-03,215,240060001224,2400600.0,St. Mary's County Public Schools,2018-03-20,2017-2018,2018,7:55 AM,Tuesday,public,1535,1,1,2,targeted,17.0,m,w,student,1.0,suicide,,,,,,,657.0,577.0,121,76.0,4.0,1.0,99.0,1,Glock semi-automatic handgun,father,38.24743,-76.4875,86.3,9,12,554,St. Mary's County,24,24037,23.0,2018-03
-82.066682,29.14362,1203.0,2018,Forest High School,Ocala,Florida,5000 SE Maricamp Rd,suburbtown,WHITE,0,1,1,High School,120126001271.0,2018-04,216,120126001271,1201260.0,Marion,2018-04-20,2017-2018,2018,8:39 AM,Friday,public,2181,0,1,1,indiscriminate,19.0,m,,former student,0.0,,,,,,,,1396.0,336.0,298,24.0,16.0,2.0,109.0,1,shotgun,,29.14362,-82.066682,101.0,9,12,1048,Marion County,12,12083,22.0,2018-04
-118.175852,34.592148,625.0,2018,Highland High School,Palmdale,California,39055 25th St W,suburbtown,HISP,0,1,1,High School,60282009515.0,2018-05,218,060282009515,602820.0,Antelope Valley Union High,2018-05-11,2017-2018,2018,7:05 AM,Friday,public,2931,0,1,1,targeted,14.0,m,,student,0.0,,,,,,,,462.0,453.0,1742,159.0,19.0,5.0,91.0,0,rifle,,34.591755,-118.175561,126.42,9,12,1717,Los Angeles County,6,6037,21.0,2018-05
-95.141171,29.392106,4814.0,2018,Santa Fe High School,Santa Fe,Texas,16000 Hwy 6,suburbtown,WHITE,10,13,23,High School,483927004473.0,2018-05,220,483927004473,4839270.0,Santa Fe ISD,2018-05-18,2017-2018,2018,7:30 AM,Friday,public,1462,10,13,23,indiscriminate,17.0,m,w,student,0.0,,,,,,,,1136.0,10.0,278,8.0,9.0,1.0,20.0,1,Remington 870 shotgun and a .38-caliber revolver,,29.393257,-95.143149,83.38,9,12,287,Galveston County,48,48167,22.0,2018-05
-86.031354,40.077165,1805.0,2018,Noblesville West Middle School,Noblesville,Indiana,19900 Hague Rd,suburbtown,WHITE,0,2,2,Middle School,180765000639.0,2018-05,221,180765000639,1807650.0,Noblesville Schools,2018-05-25,2017-2018,2018,9:06 AM,Friday,public,1354,0,2,2,targeted,13.0,m,,student,0.0,,,,,,,,1179.0,28.0,82,22.0,0.0,1.0,42.0,1,".22 caliber gun, .45 caliber gun",,40.07825,-86.029001,64.0,6,8,268,Hamilton County,18,18057,21.0,2018-05
-86.598953,36.047367,4705.0,2018,Antioch High School,Antioch,Tennessee,1900 Hobson Pike,urban,BLACK,0,1,1,High School,470318001257.0,2018-08,257,060285000207,602850.0,Antioch Unified,2020-02-19,2019-2020,2020,9:30 AM,Wednesday,public,2061,0,0,0,targeted,15.0,m,,,,,,,,,,,319.0,421.0,1092,103.0,14.0,32.0,80.0,0,,,38.0063,-121.8163,87.84,9,12,1460,Contra Costa County,6,6013,21.0,2020-02
-80.691593,35.120282,3709.0,2018,Butler High School,Matthews,North Carolina,1810 Matthews Mint Hill Rd,suburbtown,WHITE,1,0,1,High School,370297002324.0,2018-10,227,370297002324,3702970.0,Charlotte-Mecklenburg Schools,2018-10-29,2018-2019,2018,7:00 AM,Monday,public,2133,1,0,1,targeted,16.0,m,b,student,0.0,,,,,,,,860.0,681.0,410,86.0,9.0,1.0,86.0,1,.380 pistol,stolen,35.1203,-80.6916,114.21,9,12,876,Mecklenburg County,37,37119,21.0,2018-10
-76.382449,36.826811,5103.0,2018,Simonsdale Elementary School,Portsmouth,Virginia,4841 Clifford St,urban,WHITE,0,1,1,Elementary School,510300001257.0,2018-11,228,510300001257,5103000.0,Portsmouth City Pblc Schs,2018-11-20,2018-2019,2018,3:45 PM,Tuesday,public,702,0,1,1,accidental,29.0,m,b,parent of student,0.0,,,,,,,,432.0,217.0,24,6.0,0.0,1.0,22.0,0,handgun,,36.82682,-76.36628,41.0,KG,5,351,Portsmouth City,51,51740,13.0,2018-11
