School,Race,Killed,Injured,Victims,Longitude,Latitude,Year,City,State,Weapon,Weapon Source,Age,Gender_Shooter1,Shooter_Relationship1,Type,Date,Time,Bullied,Domestic_Violence,Gang_Related,Preplanned,Quarter,Location
Columbine High School,W,13,21,34,-105.075,39.60391,1999,Littleton,Colorado,"12-Gauge Savage-Springfield 67H Pump-Action Shotgun, Hi-Point 995 Carbine 9 Mm Carbine, 9_19Mm Intratec Tec-9 Semi-Automatic Handgun, 12-Gauge Stevens 311D Double-Barreled Sawed-Off Shotgun",Purchased From Friends,18.0,M,Student,High School,04/20/1999,11:19 AM,Yes,No,No,Yes,Spring,Cafeteria
Scotlandville Middle School,Unknown,0,1,1,-91.169966,30.529958,1999,Baton Rouge,Louisiana,.22 Caliber Pistol,Unknown,14.0,M,Former Student (Expelled),Middle School,04/22/1999,12:30 PM,No,No,No,No,Spring,Beside Building
Heritage High School,W,0,6,6,-84.04796,33.626922,1999,Conyers,Georgia,".22 Caliber Rifle, 357-Caliber Magnum Handgun",Unknown,15.0,M,Student,High School,05/20/1999,8:03 AM,No,No,No,Yes,Spring,Hallway
Deming Middle School,H,1,0,1,-107.762986,32.261547,1999,Deming,New Mexico,.22-Caliber Colt Revolver,Home,12.0,M,Student,Middle School,11/19/1999,12:45 PM,No,No,No,No,Fall,Outside on School Property
Fort Gibson Middle School,Ai,0,5,5,-95.241921,35.795556,1999,Fort Gibson,Oklahoma,Taurus 9Mm Pistol,Father,13.0,M,Student,Middle School,12/06/1999,7:45 AM,No,No,No,No,Winter,Front of School
Ridgewood High School,W,1,0,1,-82.687231,28.273253,2000,New Port Richey,Florida,.22-Caliber Magnum Handgun,Stolen,16.0,M,Student,High School,01/19/2000,3:00 PM,No,No,No,No,Winter,Outside on School Property
Alicia Reyes Elementary School,Unknown,0,0,0,-120.494808,37.286387,2000,Merced,California,.22 Caliber Revolver,Unknown,13.0,M,No Connection,Elementary School,01/26/2000,8:34 AM,Yes,No,No,No,Winter,Parking Lot
Duke Ellington Elementary School,Unknown,0,1,1,-87.766042,41.885272,2000,Chicago,Illinois,Unknown,Unknown,11.0,M,Student,Elementary School,02/14/2000,3:00 PM,No,No,No,No,Winter,Bathroom
Hugo High School,Unknown,0,1,1,-95.511435,34.010732,2000,Hugo,Oklahoma,Small-Caliber Pistol,Legally Purchased By Shooter,33.0,F,Parent Of Student,High School,04/06/2000,12:00 PM,No,No,No,No,Spring,Football Field/Track
Carmichael Elementary School,Unknown,1,0,1,-110.29924,31.56269,2000,Sierra Vista,Arizona,Unknown,Unknown,39.0,M,Spouse Of Teacher,Elementary School,05/10/2000,1:30 PM,No,Yes,No,No,Spring,Classroom
Lake Worth Middle School,B,1,0,1,-80.085968,26.451351,2000,Lake Worth,Florida,.25-Caliber Handgun,Grandfather,13.0,M,Student,Middle School,05/26/2000,3:00 PM,No,No,No,No,Spring,Classroom
Dimmitt Middle School,W,0,0,0,-122.233115,47.493015,2000,Renton,Washington,.22-Caliber Handgun,Grandparents,13.0,M,Student In Summer School,Middle School,07/17/2000,10:30 AM,Unknown,No,No,Yes,Summer,Cafeteria
Mount Healthy North Junior High,Unknown,0,0,0,-84.555558,39.251506,2000,Mount Healthy,Ohio,.380-Caliber Semiautomatic Handgun,Relatives,14.0,M,Student,Middle School,09/18/2000,Unknown,No,No,No,No,Fall,Classroom
Carter G. Woodson Middle School,Unknown,0,1,1,-90.090046,29.939676,2000,New Orleans,Louisiana,.38-Caliber Revolver,Unknown,13.0,M,Student,Middle School,09/26/1979,11:50 AM,No,No,No,No,Fall,Field (General)
Carter G. Woodson Middle School,Unknown,0,1,1,-90.090046,29.939676,2000,New Orleans,Louisiana,.38-Caliber Revolver,Unknown,13.0,M,Student,Middle School,09/26/2000,12:00 PM,No,No,No,No,Fall,Field (General)
Hueneme High School,H,0,0,0,-119.1822,34.160149,2001,Oxnard,California,Handgun,Unknown,17.0,M,Not A Student But Often Hung Around The School,High School,01/10/2001,12:50 PM,No,No,Yes,No,Winter,Parking Lot
Lake Clifton Eastern High School,Unknown,1,0,1,-76.590038,39.316116,2001,Baltimore,Maryland,.32-Caliber Handgun,Unknown,19.0,M,None,High School,01/17/2001,8:45 AM,No,No,No,No,Winter,Front of School
Lake Clifton Eastern High School,Unknown,1,0,1,-76.590038,39.316116,2001,Baltimore,Maryland,.32-Caliber Handgun,Unknown,19.0,M,None,High School,09/21/2001,1:00 PM,No,No,Yes,No,Fall,Cafeteria
Santana High School,W,2,13,15,-116.971045,32.85756,2001,Santee,California,.22-Caliber Revolver,Father,15.0,M,Student,High School,03/05/2001,9:20 AM,Yes,No,No,Yes,Spring,Bathroom
Granite Hills High School,Unknown,0,5,5,-116.916889,32.800101,2001,El Cajon,California,Mossberg Pump-Action 12-Gauge Shotgun,Unknown,18.0,M,Student,High School,03/22/2001,12:54 PM,No,No,No,No,Spring,Beside Building
Lew Wallace High School,Unknown,1,0,1,-87.34132,41.536645,2001,Gary,Indiana,Pistol,Unknown,17.0,M,Former Student (Expelled),High School,03/30/2001,8:15 AM,Yes,No,Yes,No,Spring,Parking Lot
Monroe City Alternative Center,Unknown,0,0,0,-92.070624,32.524187,2001,Monroe,Louisiana,.380 Caliber Semi-Automatic Pistol,Unknown,14.0,M,Student,High,04/20/2001,7:20 AM,No,No,No,Unknown,Spring,Hallway; Beside Building
Ennis High School,Unknown,0,0,0,-96.629758,32.305062,2001,Ennis,Texas,.357 Magnum Pistol,Unknown,16.0,M,Student,High School,05/15/2001,12:00 PM,No,No,No,No,Spring,Classroom
Belmont High School,Unknown,0,1,1,-118.263286,34.061499,2001,Los Angeles,California,Revolver,Unknown,Unknown,M,Unknown,High School,07/30/2001,7:25 AM,No,No,Unknown,No,Summer,Hallway
Latonia Elementary School,W,1,0,1,-84.49833,39.044149,2001,Covington,Kentucky,.380-Caliber Semiautomatic Pistol,Unknown,30.0,F,Parent Of Student,Elementary School,09/12/2001,3:00 PM,No,No,No,No,Fall,Parking Lot
Redondo Union High School,Unknown,0,1,1,-118.384456,33.844274,2001,Redondo Beach,California,.38-Caliber Handgun,Unknown,16.0,M,Student,High School,10/26/2001,10:00 AM,No,No,No,No,Fall,Courtyard
Caro Learning Center,Unknown,0,0,0,-83.438553,43.458011,2001,Caro,Michigan,20-Guage Shotgun,Legally Purchased By Shooter,17.0,M,Student,High,11/12/2001,2:40 PM,No,No,No,No,Fall,Classroom
Gardena High School,Unknown,0,2,2,-118.296704,33.866342,2002,Los Angeles,California,Pistol,Unknown,17.0,M,Student,High School,02/06/2002,2:50 PM,No,No,No,No,Winter,Bathroom
Gardena High School,Unknown,0,2,2,-118.296704,33.866342,2002,Los Angeles,California,Pistol,Unknown,17.0,M,Student,High School,01/18/2011,10:40 AM,No,No,No,No,Winter,Classroom
Gardena High School,Unknown,0,2,2,-118.29633,33.866372,2011,Los Angeles,California,9-Mm Beretta Handgun,Unknown,17.0,M,Student,High School,02/06/2002,2:50 PM,No,No,No,No,Winter,Bathroom
Gardena High School,Unknown,0,2,2,-118.29633,33.866372,2011,Los Angeles,California,9-Mm Beretta Handgun,Unknown,17.0,M,Student,High School,01/18/2011,10:40 AM,No,No,No,No,Winter,Classroom
Benjamin Tasker Middle School,B,0,1,1,-76.746341,38.957407,2002,Bowie,Maryland,Bushmaster Xm-15 Rifle,Stolen,Unknown,M,None,Middle School,10/07/2002,8:09 AM,No,No,No,No,Fall,Front of School
Lincoln High School,Unknown,0,1,1,-74.070502,40.716783,2002,Jersey City,New Jersey,Browning .380-Caliber Pistol,Unknown,15.0,M,Student,High School,10/29/2002,8:30 AM,No,No,No,No,Fall,Hallway
Lincoln High School,Unknown,0,1,1,-74.070502,40.716783,2002,Jersey City,New Jersey,Browning .380-Caliber Pistol,Unknown,15.0,M,Student,High School,01/03/2006,3:20 PM,No,No,Yes,No,Winter,Beside Building
St. James Catholic School,Unknown,1,1,2,-94.45515,39.240746,2002,Liberty,Missouri,Revolver,Legally Purchased By Shooter,41.0,M,Parent Of Student,K-8,11/07/2002,12:40 PM,No,Yes,No,No,Fall,Parking Lot
Ranum High School,Unknown,0,0,0,-105.015495,39.841774,2003,Westminster,Colorado,Small Semi-Automatic Handgun,Unknown,14.0,M,Student,High School,02/05/2003,8:40 AM,No,No,No,No,Winter,Outside on School Property
Cardozo High School,Unknown,0,1,1,-77.029756,38.922338,2003,Washington,District Of Columbia,Handgun,Unknown,15.0,M,Student,High School,04/01/2003,12:15 PM,No,No,Yes,No,Spring,Hallway
Cardozo High School,Unknown,0,1,1,-77.029756,38.922338,2003,Washington,District Of Columbia,Handgun,Unknown,15.0,M,Student,High School,09/21/2006,12:15 PM,No,No,No,No,Fall,Beside Building
Red Lion Area Junior High School,W,1,0,1,-76.609728,39.893809,2003,Red Lion,Pennsylvania,".44-Caliber Handgun, .22-Caliber Gun To Kill Himself",Stepfather,14.0,M,Student,Middle School,04/24/2003,7:34 AM,No,No,No,No,Spring,Cafeteria
Vicksburg High School,Unknown,1,0,1,-90.885251,32.323263,2003,Vicksburg,Mississippi,Handgun,Unknown,20.0,M,Unknown,High School,09/10/2003,2:30 PM,No,No,No,No,Fall,Football Field/Track
Rocori High School,W,2,0,2,-94.426618,45.466258,2003,Cold Spring,Minnesota,.22 Caliber Pistol,Father,15.0,M,Student,High School,09/24/2003,11:38 AM,Yes,No,No,No,Fall,Gym
Burns Middle School,Unknown,0,0,0,-81.539104,35.425762,2003,Lawndale,North Carolina,9Mm Handgun,Unknown,13.0,M,Student,Middle School,09/25/2003,8:00 AM,No,Unknown,No,Unknown,Fall,Hallway
Rio Cazadero High School,Unknown,0,2,2,-121.435306,38.469639,2003,Sacramento,California,Officer Weapons,Police,Unknown,M,Multiple Officers,High School,10/01/2003,9:00 AM,No,Yes,No,No,Fall,Classroom; Beside Building
East Mecklenburg High School,Unknown,0,1,1,-80.756579,35.175976,2003,Charlotte,North Carolina,.25-Caliber Handgun,Unknown,15.0,M,Student,High School,11/13/2003,11:45 AM,No,No,No,No,Fall,Classroom
Columbia High School,W,0,1,1,-73.690848,42.62068,2004,East Greenbush,New York,12-Gauge Winchester Shotgun,Unknown,16.0,M,Student,High School,02/09/2004,10:30 AM,No,No,No,Yes,Winter,Bathroom
Castlemont High School,Unknown,0,2,2,-122.16302,37.75982,2004,Oakland,California,Unknown,Unknown,Unknown,Unknown,Unknown,High School,06/09/2004,12:22 PM,No,No,Yes,No,Summer,Front of School
Proviso East High School,B,1,0,1,-87.83382,41.88062,2004,Maywood,Illinois,Handgun,Unknown,Unknown,M,None,High School,08/30/2004,2:30 PM,No,No,Yes,No,Summer,Parking Lot
Wirt High School,Unknown,0,0,0,-87.26145,41.60997,2004,Gary,Indiana,Handgun,Unknown,Unknown,M,Student,High School,03/03/1989,12:09 PM,No,No,No,No,Spring,Beside Building
Wirt High School,Unknown,0,0,0,-87.26145,41.60997,2004,Gary,Indiana,Handgun,Unknown,Unknown,M,Student,High School,09/15/2004,Unknown,No,No,No,No,Fall,Hallway
Wirt High School,Unknown,0,0,0,-87.26145,41.60997,2004,Gary,Indiana,Handgun,Unknown,Unknown,M,Student,High School,06/06/2006,Unknown,No,No,No,No,Summer,Auditorium
Thurgood Marshall High School,Unknown,0,2,2,-76.54552,39.31911,2004,Baltimore,Maryland,Handgun,Unknown,16.0,M,Student,High School,10/21/2004,4:00 PM,No,No,No,No,Fall,Courtyard
Booker T. Washington High School,Unknown,0,1,1,-90.08893,29.94966,2004,New Orleans,Louisiana,.38-Caliber Revolver,Department Issued,28.0,F,Security Guard,High School,02/19/1991,1:00 PM,No,No,No,No,Winter,Outside on School Property
Booker T. Washington High School,Unknown,0,1,1,-90.08893,29.94966,2004,New Orleans,Louisiana,.38-Caliber Revolver,Department Issued,28.0,F,Security Guard,High School,09/12/2004,12:00 PM,No,No,No,No,Fall,Beside Building
Booker T. Washington High School,Unknown,0,1,1,-90.08925,29.94991,2023,New Orleans,Louisiana,Unknown,Unknown,Unknown,Unknown,Unknown,High School,02/19/1991,1:00 PM,No,No,No,No,Winter,Outside on School Property
Booker T. Washington High School,Unknown,0,1,1,-90.08925,29.94991,2023,New Orleans,Louisiana,Unknown,Unknown,Unknown,Unknown,Unknown,High School,09/12/2004,12:00 PM,No,No,No,No,Fall,Beside Building
Woodruff High School,B,0,0,0,-89.57513,40.70725,2005,Peoria,Illinois,Handgun,Unknown,15.0,M,Student,High School,01/26/2005,Unknown,No,No,No,No,Winter,Hallway
Bowen High School,Unknown,0,1,1,-87.557742,41.73354,2005,Chicago,Illinois,Unknown,Unknown,Unknown,Unknown,Unknown,High School,02/08/2005,2:32 PM,Unknown,No,No,No,Winter,Beside Building
Maplewood Comprehensive High School,Unknown,0,1,1,-86.74568,36.22912,2005,Nashville,Tennessee,Handgun,Unknown,16.0,M,Former Student (Expelled),High School,03/09/2005,2:00 PM,No,No,No,No,Spring,Parking Lot
Canton High School,W,0,1,1,-95.86617,32.54958,2005,Canton,Texas,.45-Caliber Pistol,Legally Purchased By Shooter,45.0,M,Father Of Football Player,High School,04/07/2005,9:15 AM,No,No,No,No,Spring,Office
Highland Elementary School,Unknown,1,0,1,-76.95256,40.21999,2005,Lower Allen Township,Pennsylvania,9 Mm Semiautomatic Handgun,Unknown,47.0,M,Dating Mother Of Student,Elementary School,05/17/2005,3:00 PM,No,Yes,No,No,Spring,Parking Lot
Sojourner Truth High School,Unknown,0,1,1,-81.61618,30.27037,2005,Jacksonville,Florida,Handgun,Unknown,Unknown,M,Unknown,High School,09/02/2005,12:50 PM,Unknown,No,No,No,Fall,Beside Building
Harlan Community Academy High School,Unknown,0,1,1,-87.62085,41.7184,2005,Chicago,Illinois,.25-Caliber Handgun,Unknown,15.0,M,Student,High School,09/13/2005,2:20 PM,Unknown,No,No,No,Fall,Hallway
Farmington High School,W,0,0,0,-90.43619,37.78108,2005,Farmington,Missouri,Single-Shot Shotgun,Father,17.0,M,Student,High School,10/11/2005,8:00 AM,Unknown,Unknown,No,No,Fall,Bathroom
Saginaw High School,Unknown,0,1,1,-83.92541,43.40713,2005,Saginaw,Michigan,.380-Caliber Handgun,Stolen,15.0,M,Student,High School,09/15/1972,Unknown,Unknown,Unknown,Unknown,No,Fall,Hallway
Saginaw High School,Unknown,0,1,1,-83.92541,43.40713,2005,Saginaw,Michigan,.380-Caliber Handgun,Stolen,15.0,M,Student,High School,09/24/2005,11:30 PM,No,No,Yes,No,Fall,Beside Building
Saginaw High School,Unknown,0,1,1,-83.92541,43.40713,2005,Saginaw,Michigan,.380-Caliber Handgun,Stolen,15.0,M,Student,High School,10/20/2005,12:00 PM,Unknown,No,Yes,No,Fall,Office
Central High School,Unknown,0,1,1,-83.11269,42.38469,2005,Detroit,Michigan,Unknown,Unknown,18.0,M,Unknown,High School,10/22/1984,1:25 PM,No,No,No,No,Fall,Hallway
Central High School,Unknown,0,1,1,-83.11269,42.38469,2005,Detroit,Michigan,Unknown,Unknown,18.0,M,Unknown,High School,08/31/1988,10:50 AM,No,No,Yes,No,Summer,Hallway
Central High School,Unknown,0,1,1,-83.11269,42.38469,2005,Detroit,Michigan,Unknown,Unknown,18.0,M,Unknown,High School,12/06/2005,1:30 PM,No,No,Unknown,No,Winter,Hallway
Central High School,Unknown,0,1,1,-83.11269,42.38469,2005,Detroit,Michigan,Unknown,Unknown,18.0,M,Unknown,High School,02/17/2009,2:20 PM,No,No,No,No,Winter,Hallway
Central High School,Unknown,0,2,2,-83.1115,42.3837,2009,Detroit,Michigan,Handgun,Unknown,17.0,M,Non-Student,High School,10/22/1984,1:25 PM,No,No,No,No,Fall,Hallway
Central High School,Unknown,0,2,2,-83.1115,42.3837,2009,Detroit,Michigan,Handgun,Unknown,17.0,M,Non-Student,High School,08/31/1988,10:50 AM,No,No,Yes,No,Summer,Hallway
Central High School,Unknown,0,2,2,-83.1115,42.3837,2009,Detroit,Michigan,Handgun,Unknown,17.0,M,Non-Student,High School,12/06/2005,1:30 PM,No,No,Unknown,No,Winter,Hallway
Central High School,Unknown,0,2,2,-83.1115,42.3837,2009,Detroit,Michigan,Handgun,Unknown,17.0,M,Non-Student,High School,02/17/2009,2:20 PM,No,No,No,No,Winter,Hallway
Milwee Middle School,W,1,0,1,-81.34669,28.68172,2006,Longwood,Florida,High-Powered Rifle,Police Issued,Unknown,M,Swat Officer,Middle School,01/13/2006,9:30 AM,No,No,No,No,Winter,Classroom
Indian River High School,Unknown,0,0,0,-76.24185,36.79721,2006,Chesapeake,Virginia,Unknown,Unknown,19.0,M,Unknown,High School,01/18/2006,11:00 AM,No,No,No,No,Winter,Cafeteria
Will C. Wood High School,Unknown,0,1,1,-121.97421,38.34635,2006,Vacaville,California,Small Revolver,Unknown,14.0,M,Student,High School,01/23/2006,9:45 AM,No,No,No,No,Winter,Gym
Lakeview Centennial High School,Unknown,0,2,2,-96.57589,32.85566,2006,Garland,Texas,Small-Caliber Semiautomatic Handgun,Unknown,16.0,M,Student,High School,10/14/1997,Unknown,No,No,No,No,Fall,Bathroom
Lakeview Centennial High School,Unknown,0,2,2,-96.57589,32.85566,2006,Garland,Texas,Small-Caliber Semiautomatic Handgun,Unknown,16.0,M,Student,High School,01/27/2006,Unknown,No,No,No,No,Winter,Classroom
Westinghouse High School,Unknown,0,1,1,-79.90059,40.4607,2006,Pittsburgh,Pennsylvania,Ak-47,Unknown,23.0,M,Unknown,High School,02/21/2006,7:45 AM,No,No,Unknown,No,Winter,Front of School
Roseburg High School,W,0,1,1,-123.34712,43.208,2006,Roseburg,Oregon,Large-Caliber Handgun With Hollow-Point Bullets,Unknown,14.0,M,Student,High School,02/23/2006,7:45 AM,Yes,No,No,No,Winter,Hallway
Pine Middle School,W,0,2,2,-119.78186,39.47981,2006,Reno,Nevada,.38-Caliber Pistol,Father,14.0,M,Student,Middle School,03/14/2006,9:00 AM,Yes,No,No,Yes,Spring,Classroom
Venice High School,B,1,0,1,-118.44282,33.99881,2006,Los Angeles,California,Handgun,Unknown,21.0,M,Unknown,High School,05/29/1992,Unknown,No,No,Yes,No,Spring,Front of School
Venice High School,B,1,0,1,-118.44282,33.99881,2006,Los Angeles,California,Handgun,Unknown,21.0,M,Unknown,High School,06/05/2006,3:10 PM,No,No,Yes,No,Summer,Parking Lot
Orange High School,H,0,2,2,-79.09337,36.09233,2006,Hillsborough,North Carolina,"9 Mm Rifle, A Mossburg 12-Gauge Sawed-Off Shotgun",Unknown,19.0,M,Former Student,High School,08/30/2006,1:00 PM,No,No,No,Yes,Summer,Parking Lot
South Hills High School,Unknown,0,1,1,-97.36,32.65726,2006,Fort Worth,Texas,Handgun,Police Issued Weapon,Unknown,M,Resource Officer,High School,09/08/2006,1:20 PM,Unknown,Unknown,Unknown,Unknown,Fall,Field (General)
Platte Canyon High School,W,1,0,1,-105.64543,39.45566,2006,Bailey,Colorado,".40 S&W Caliber Glock 22 Pistol, Smith & Wesson .357-Caliber Revolver",Unknown,53.0,M,Unknown,High School,09/27/2006,11:40:00,No,No,No,No,Fall,Classroom
Weston High School,W,1,0,1,-90.19016,43.48211,2006,Cazenovia,Wisconsin,"Long-Barrel Shotgun, 22-Pistol",Father,15.0,M,Student,High School,09/29/2006,8:10 AM,Yes,No,No,Yes,Fall,Entryway
Memorial Middle School,W,0,0,0,-94.51586,37.08277,2006,Joplin,Missouri,Mac 90 7.26 Mm Assault Rifle,Parent,13.0,M,Student,Middle School,10/09/2006,7:45 AM,No,No,No,Yes,Fall,Hallway
Henry Foss High School,Unknown,1,0,1,-122.49364,47.24114,2007,Tacoma,Washington,Handgun,Unknown,18.0,M,Student,High School,01/03/2007,7:30 AM,No,No,No,No,Winter,Hallway
Robert A. Taft Information Technology High School,Unknown,0,0,0,-84.52183,39.10911,2007,Cincinnati,Ohio,Unknown,Unknown,16.0,M,Student,High School,01/08/2007,10:45 AM,Unknown,No,No,No,Winter,Hallway
William L.Sayre High School,Unknown,0,1,1,-75.2374,39.95793,2007,Philadelphia,Pennsylvania,9 Mm Semi-Automatic Ruger,Unknown,Unknown,M,Unknown,High School,01/18/2007,8:25 AM,No,No,No,No,Winter,Beside Building
Herbert Henry Dow High School,W,0,1,1,-84.27414,43.64091,2007,Midland,Michigan,.44 Caliber Handgun,Unknown,17.0,M,Girlfriend Was Student,High School,03/07/2007,10:57 AM,No,Yes,No,No,Spring,Parking Lot
Chicago Vocational Career Academy,Unknown,0,1,1,-87.57236,41.7372,2007,Chicago,Illinois,9Mm Handgun,Unknown,15.0,M,Student,Other,04/10/2007,2:15 PM,No,No,No,No,Spring,Classroom
Springwater Trail High School,Unknown,0,10,10,-122.40894,45.48655,2007,Gresham,Oregon,.270 Winchester Rifle With Scope,Stepfather,15.0,M,Student,High School,04/10/2007,2:15 PM,No,No,No,Yes,Spring,Classroom; Field
Liberty Memorial Middle School,Unknown,0,0,0,-97.5108,26.1106,2007,Los Fresnos,Texas,.38 Semiautomatic Handgun,Father,14.0,M,Student,Middle School,05/15/2007,10:02 AM,Unknown,No,No,No,Spring,Bathroom
Hamilton High School,Unknown,0,1,1,-90.0174,35.10069,2008,Memphis,Tennessee,380-Caliber Handgun,Unknown,16.0,M,Student,High School,02/05/1982,Unknown,No,No,No,No,Winter,Gym
Hamilton High School,Unknown,0,1,1,-90.0174,35.10069,2008,Memphis,Tennessee,380-Caliber Handgun,Unknown,16.0,M,Student,High School,08/24/2004,Unknown,No,No,No,No,Summer,Hallway
Hamilton High School,Unknown,0,1,1,-90.0174,35.10069,2008,Memphis,Tennessee,380-Caliber Handgun,Unknown,16.0,M,Student,High School,02/04/2008,10:00 AM,No,No,No,No,Winter,Classroom
Hamilton High School,Unknown,0,1,1,-90.0174,35.10069,2008,Memphis,Tennessee,380-Caliber Handgun,Unknown,16.0,M,Student,High School,08/16/2012,5:00 PM,No,No,Yes,No,Summer,Front of School
Mitchell High School,Unknown,0,1,1,-90.08589,35.05595,2008,Memphis,Tennessee,.22-Caliber Pistol,Purchased From Someone In Apartment Complex,17.0,M,Student,High School,02/11/2008,9:00 AM,Unknown,No,No,No,Winter,Classroom
Roosevelt High School,Unknown,1,0,1,-119.7537,36.74302,2008,Fresno,California,Pistol,Department Issued,38.0,M,Resource Officer,High School,04/16/2008,11:54 AM,Unknown,Unknown,Unknown,Unknown,Spring,Outside on School Property
Central High School,Unknown,1,0,1,-83.9216,36.0392,2008,Knoxville,Tennessee,"Small-Caliber, Semiautomatic Pistol",Unknown,15.0,M,Student,High School,08/21/2008,08:11:00,Yes,No,No,Yes,Fall,Cafeteria
Dillard High School,B,1,0,1,-80.176,26.1383,2008,Fort Lauderdale,Florida,.22-Caliber Semi-Automatic Handgun,Family Member,15.0,F,Student,High School,03/28/1981,9:00 PM,No,No,No,No,Spring,Beside Building
Dillard High School,B,1,0,1,-80.176,26.1383,2008,Fort Lauderdale,Florida,.22-Caliber Semi-Automatic Handgun,Family Member,15.0,F,Student,High School,11/12/2008,11:00 AM,No,Yes,No,No,Fall,Classroom
John Muir Elementary School,M,0,0,0,-122.083,37.6566,2009,Hayward,California,Shotgun,Unknown,Unknown,H,Unknown,Elementary School,02/20/2009,12:00 PM,No,No,Unknown,No,Winter,Beside Building
Ribault High School,Unknown,0,0,0,-81.707,30.3895,2009,Jacksonville,Florida,Unknown,Unknown,Unknown,Unknown,Unknown,High School,11/07/1997,8:20 AM,No,No,No,No,Fall,Beside Building
Ribault High School,Unknown,0,0,0,-81.707,30.3895,2009,Jacksonville,Florida,Unknown,Unknown,Unknown,Unknown,Unknown,High School,03/10/2009,7:22 AM,No,No,No,No,Spring,Hallway
Ribault High School,Unknown,0,1,1,-81.7073,30.3906,2020,Jacksonville,Florida,.380-Caliber Handgun,Unknown,18.0,Unknown,Unknown,High School,11/07/1997,8:20 AM,No,No,No,No,Fall,Beside Building
Ribault High School,Unknown,0,1,1,-81.7073,30.3906,2020,Jacksonville,Florida,.380-Caliber Handgun,Unknown,18.0,Unknown,Unknown,High School,03/10/2009,7:22 AM,No,No,No,No,Spring,Hallway
Larose-Cut Off Middle School,Unknown,0,0,0,-90.3295,29.5004,2009,Larose,Louisiana,25-Caliber Nickel Plate Semi-Automatic,Father,15.0,M,Student,Middle School,05/18/2009,9:00 AM,Unknown,No,No,No,Spring,Classroom
Stamford Academy,Unknown,0,0,0,-73.536464,41.059329,2009,Stamford,Connecticut,.22-Caliber Pistol,Unknown,16.0,M,Student,High,09/08/2009,8:05 AM,No,No,No,No,Fall,Parking Lot
Virginia Randolph Community High School,Unknown,0,0,0,-77.483135,37.661586,2009,Glen Allen,Virginia,.40-Caliber Handgun,Unknown,16.0,M,Student,High School,09/16/2009,12:30 PM,Unknown,Unknown,No,No,Fall,Playground
Mattituck Junior-Senior High School,Unknown,0,1,1,-72.529205,40.996241,2009,Mattituck,New York,22-Caliber Rifle,Mother,28.0,M,Unknown,High School,10/08/2009,1:53 PM,No,No,No,No,Fall,Classroom
Carolina Forest High School,W,1,0,1,-78.97152,33.780761,2009,Conway,South Carolina,.40 Caliber Glock,Department Issued,Unknown,M,School Resource Officer,High School,10/16/2009,8:25 AM,Unknown,Unknown,Unknown,Unknown,Fall,Inside School Building
Booker T. Washington High School,B,0,1,1,-93.77398,32.503605,2009,Shreveport,Louisiana,Handgun,Unknown,28.0,M,Ex-Boyfriend Of Student,High School,08/31/1984,Unknown,No,No,Yes,No,Summer,Football Field/Track
Booker T. Washington High School,B,0,1,1,-93.77398,32.503605,2009,Shreveport,Louisiana,Handgun,Unknown,28.0,M,Ex-Boyfriend Of Student,High School,05/24/2005,1:55 PM,No,No,No,No,Spring,Beside Building
Booker T. Washington High School,B,0,1,1,-93.77398,32.503605,2009,Shreveport,Louisiana,Handgun,Unknown,28.0,M,Ex-Boyfriend Of Student,High School,12/11/2009,8:10 AM,No,Yes,No,No,Winter,Parking Lot
Booker T. Washington High School,B,0,1,1,-93.77398,32.503605,2009,Shreveport,Louisiana,Handgun,Unknown,28.0,M,Ex-Boyfriend Of Student,High School,03/18/2020,11:00 PM,No,No,No,No,Spring,Parking Lot
Discovery Middle School,A,1,0,1,-86.741148,34.740322,2010,Madison,Alabama,.22-Caliber Pistol,Friend'S Home,14.0,M,Student,Middle School,02/05/2010,1:45 PM,Unknown,No,Unknown,No,Winter,Hallway
Deer Creek Middle School,W,0,2,2,-105.102,39.5869,2010,Littleton,Colorado,Hunting Rifle,Unknown,32.0,M,Unknown,Middle School,02/23/2010,15:14:00,Unknown,No,No,No,Winter,Front of School
Woodrow Wilson High School,B,0,0,0,-76.381349,36.815009,2010,Portsmouth,Virginia,Handgun,Unknown,15.0,M,Student,High School,04/28/2010,12:15 PM,Yes,No,No,No,Spring,Cafeteria
South Gate High School,Unknown,0,1,1,-118.209757,33.954604,2010,South Gate,California,Unknown,Unknown,15.0,M,Student,High School,05/18/2010,7:51 AM,Unknown,Unknown,Unknown,No,Spring,Beside Building
Sullivan Central High School,Unknown,1,0,1,-82.387049,36.531336,2010,Blountville,Tennessee,Handgun,Department Issued,Unknown,Unknown,Police Officer,High School,08/30/2010,9:16 AM,No,No,No,Unknown,Summer,Hallway
Socastee High School,W,0,1,1,-79.004328,33.6788,2010,Conway,South Carolina,Revolver,Parent,14.0,M,Student,High School,09/21/2010,2:00 PM,Yes,No,No,Yes,Fall,Office
Alisal High School,Unknown,1,0,1,-121.595961,36.686184,2010,Salinas,California,Unknown,Unknown,Unknown,M,Unknown,High School,10/01/2010,7:53 AM,Unknown,No,Yes,No,Fall,Beside Building
Kelly Elementary School,W,0,2,2,-117.311227,33.14836,2010,Carlsbad,California,.357-Caliber Magnum Revolver,Unknown,41.0,M,None,Elementary School,10/08/2010,12:00 PM,No,No,No,No,Fall,Playground
Marinette High School,W,0,0,0,-87.629512,45.084351,2010,Marinette,Wisconsin,Handgun,Unknown,15.0,M,Student,High School,11/29/2010,7:30 PM,No,No,No,No,Fall,Classroom
Millard South High School,B,1,2,3,-96.146049,41.203481,2011,Omaha,Nebraska,Glock .40-Caliber S&W Pistol,Father,17.0,M,Student,High School,01/05/2011,12:45 PM,No,No,No,No,Winter,Office
Louisiana Schnell Elementary School,W,1,0,1,-120.779419,38.735106,2011,Placerville,California,.357-Caliber Revolver,Legally Purchased By Shooter,44.0,M,Janitor,Elementary School,02/02/2011,10:37 AM,No,No,No,No,Winter,Office
Sheeler Charter High School,B,0,1,1,-81.494124,28.673157,2011,Apopka,Florida,Unknown,Unknown,17.0,M,Unknown,High School,04/13/2011,12:00 PM,No,No,No,No,Spring,Parking Lot
Cape Fear High School,Unknown,0,1,1,-78.762384,35.034044,2011,Fayetteville,North Carolina,.22-Caliber Daisy Rifle,Unknown,15.0,M,Student,High School,10/24/2011,1:00 PM,No,No,No,No,Fall,Beside Building
Cummings Middle School,Unknown,1,0,1,-97.493734,25.913899,2012,Brownsville,Texas,Unknown,Department Issued,Unknown,M,Police Officer,Middle School,01/04/2012,8:00 AM,Unknown,Unknown,Unknown,Unknown,Winter,Hallway
North Forest High School,Unknown,0,1,1,-95.26259,29.868788,2012,Houston,Texas,Handgun,Unknown,18.0,M,Student,High School,11/25/2008,9:45 PM,No,No,No,No,Fall,Beside Building
North Forest High School,Unknown,0,1,1,-95.26259,29.868788,2012,Houston,Texas,Handgun,Unknown,18.0,M,Student,High School,01/10/2012,12:30 PM,Unknown,No,No,No,Winter,Hallway
North Forest High School,Unknown,0,1,1,-95.26259,29.868788,2012,Houston,Texas,Handgun,Unknown,18.0,M,Student,High School,06/09/2021,10:20:00,No,No,No,No,Summer,Parking Lot
North Forest High School,Unknown,0,1,1,-95.259744,29.867029,2021,Houston,Texas,Unknown,Unknown,Unknown,Unknown,Unknown,High School,11/25/2008,9:45 PM,No,No,No,No,Fall,Beside Building
North Forest High School,Unknown,0,1,1,-95.259744,29.867029,2021,Houston,Texas,Unknown,Unknown,Unknown,Unknown,Unknown,High School,01/10/2012,12:30 PM,Unknown,No,No,No,Winter,Hallway
North Forest High School,Unknown,0,1,1,-95.259744,29.867029,2021,Houston,Texas,Unknown,Unknown,Unknown,Unknown,Unknown,High School,06/09/2021,10:20:00,No,No,No,No,Summer,Parking Lot
Walpole Elementary School,Unknown,0,0,0,-72.426439,43.078915,2012,Walpole,New Hampshire,20-Gauge Shotgun,Unknown,14.0,M,Student,Elementary School,02/10/2012,11:00 AM,Unknown,No,No,No,Winter,Cafeteria
Armin Jahr Elementary School,W,0,1,1,-122.63622,47.593761,2012,Bremerton,Washington,.45 Caliber Handgun,Mother,9.0,M,Student,Elementary School,02/22/2012,13:30:00,Yes,No,No,No,Winter,Hallway
Chardon High School,W,3,3,6,-81.199958,41.591297,2012,Chardon,Ohio,Ruger Mk Iii .22 Caliber Semi-Automatic Handgun,Uncle,17.0,M,"Student At Neighboring School, Rode Bus With Some Victims",High School,02/27/2012,7:30 AM,No,No,No,Yes,Winter,Cafeteria
Mary Scroggs Elementary School,Unknown,1,0,1,-79.068506,35.879122,2012,Chapel Hill,North Carolina,Charter Arms .44 Bulldog Revolver,Unknown,49.0,M,Parent Of Students,Elementary School,05/25/2012,2:04 PM,No,Yes,No,No,Spring,Parking Lot
Normal Community High School,W,0,0,0,-88.914486,40.533285,2012,Normal,Illinois,.22-Caliber Ruger Pistol,Unknown,14.0,M,Student,High School,09/07/2012,8:00 AM,Yes,No,No,Yes,Fall,Classroom
Sandy Hook Elementary School,W,26,2,28,-73.277751,41.41978,2012,Newtown,Connecticut,Bushmaster Xm15-E2S Rifle,Mother,20.0,M,Former Student,Elementary School,12/14/2012,9:35 AM,Unknown,No,No,Yes,Winter,Classroom
Taft Union High School,W,0,2,2,-119.460383,35.146256,2013,Taft,California,12-Gauge Shotgun,Older Brother,16.0,M,Student,High School,01/10/2013,9:00 AM,Yes,No,No,Yes,Winter,Hallway
Price Middle School,Unknown,0,1,1,-84.387442,33.708772,2013,Atlanta,Georgia,Small-Caliber Handgun,Unknown,15.0,M,Student,Middle School,01/31/2013,1:50 PM,No,No,Yes,No,Winter,Hallway
La Salle High School,Unknown,0,0,0,-84.586704,39.189162,2013,Cincinnati,Ohio,.45-Caliber Semi-Automatic Handgun,Family Member,17.0,M,Student,High School,04/29/2013,8:00 AM,Unknown,No,No,No,Spring,Classroom
Redland Middle School,Unknown,0,1,1,-80.453001,25.5369,2013,Homestead,Florida,.38 Caliber Handgun,Unknown,11.0,M,Student,Middle School,05/23/2013,2:40 PM,No,No,No,No,Spring,Classroom
Carver High School,B,0,1,1,-80.2066,36.1343,2013,Winston-Salem,North Carolina,.38 Caliber Handgun,Unknown,18.0,M,Student,High School,08/30/2013,2:25 PM,Yes,No,No,No,Summer,Beside Building
Agape Christian Academy,Unknown,0,2,2,-81.475051,28.57586,2013,Pine Hills,Florida,Unknown,Unknown,Unknown,Unknown,None,K-12,10/04/2013,2:00 PM,No,No,Yes,No,Fall,Football Field/Track
Lanier High School,H,0,0,0,-97.708,30.3606,2013,Austin,Texas,Handgun,Unknown,16.0,M,Student,High School,10/15/2013,12:04 PM,No,No,No,No,Fall,Courtyard
Sparks Middle School,H,1,2,3,-119.7694,39.5517,2013,Sparks,Nevada,Ruger Sr9C Semi-Automatic Handgun (9Mm),Father,12.0,M,Student,Middle School,10/21/2013,7:15 AM,Yes,No,No,Unknown,Fall,Beside Building
Newman Elementary School,Unknown,0,3,3,-117.7144,34.0271,2013,Chino,California,Ar-15,Police Weapon,8.0,M,Student,Elementary School,10/23/2013,11:14 AM,No,No,No,No,Fall,Front of School
West Orange High School,B,0,1,1,-81.5673,28.5428,2013,Winter Garden,Florida,Unknown,Unknown,17.0,M,Student,High School,12/12/1977,4:00 PM,No,No,No,No,Winter,Office
West Orange High School,B,0,1,1,-81.5673,28.5428,2013,Winter Garden,Florida,Unknown,Unknown,17.0,M,Student,High School,12/04/2013,1:15 PM,No,No,No,No,Winter,Beside Building
Arapahoe High School,W,1,0,1,-104.9628,39.5817,2013,Centennial,Colorado,Savage Arms Stevens Model 320 Pump-Action Shotgun,Legally Purchased By Shooter At Cabela'S,18.0,M,Student,High School,12/13/2013,00:00:00,Yes,No,No,Yes,Winter,Other
Liberty Technology Magnet High School,B,0,1,1,-88.7593,35.675,2014,Jackson,Tennessee,Handgun,Unknown,16.0,M,Student,High School,01/09/2014,2:21 PM,No,No,No,No,Winter,Parking Lot
Berrendo Middle School,W,0,3,3,-104.5115,33.4736,2014,Roswell,New Mexico,Shotgun,Unknown,12.0,M,Student,Middle School,01/14/2014,07:30:00,Yes,No,No,Yes,Winter,Gym
King Elementary School,Unknown,0,0,0,-76.2998,40.0344,2014,Lancaster,Pennsylvania,Handgun,Unknown,Unknown,Unknown,Unknown,Elementary School,01/14/2014,2:48 PM,Unknown,No,Unknown,No,Winter,Playground
Delaware Valley Charter School,B,0,2,2,-75.1446,40.0331,2014,Philadelphia,Pennsylvania,Handgun,Purchased From Friend,17.0,M,Student,High,01/17/2014,3:30 PM,No,No,No,No,Winter,Gym
Rebound High School,B,0,1,1,-89.227812,37.727439,2014,Carbondale,Illinois,Handgun,Unknown,18.0,M,Student,High School,01/27/2014,12:00 PM,Unknown,No,No,No,Winter,Parking Lot
President Theodore Roosevelt High,Unknown,0,1,1,-157.8372,21.3104,2014,Honolulu,Hawaii,Unknown,Department Issued,Unknown,Unknown,Police Officer,High,01/28/2014,8:30 AM,Unknown,Unknown,Unknown,Unknown,Winter,Office
Bend High School,Unknown,0,0,0,-121.2959,44.0523,2014,Bend,Oregon,Hunting Rifle,Legally Owned By Shooter,17.0,M,Student,High School,02/07/2014,12:00 PM,No,No,No,No,Winter,Classroom
Salisbury High School,B,0,1,1,-80.4849,35.6648,2014,Salisbury,North Carolina,9Mm Gun (Type Unknown),Unknown,17.0,M,Unknown,High School,02/10/2014,12:00 AM,No,No,No,No,Winter,Beside Building
Benjamin Banneker High School,Unknown,0,0,0,-84.5176,33.593,2014,College Park,Georgia,Unknown,Unknown,Unknown,Unknown,Unknown,High School,03/25/2014,1:00 PM,No,No,No,No,Spring,Parking Lot
Benjamin Banneker High School,Unknown,0,0,0,-84.5176,33.593,2014,College Park,Georgia,Unknown,Unknown,Unknown,Unknown,Unknown,High School,11/09/2017,3:25 PM,No,No,No,No,Fall,Classroom
Benjamin Banneker High School,Unknown,0,2,2,-84.5176,33.59297,2017,College Park,Georgia,Small-Caliber Handgun,Unknown,Unknown,Unknown,Unknown,High School,03/25/2014,1:00 PM,No,No,No,No,Spring,Parking Lot
Benjamin Banneker High School,Unknown,0,2,2,-84.5176,33.59297,2017,College Park,Georgia,Small-Caliber Handgun,Unknown,Unknown,Unknown,Unknown,High School,11/09/2017,3:25 PM,No,No,No,No,Fall,Classroom
Reynolds High School,W,1,1,2,-122.4026,45.5285,2014,Troutdale,Oregon,M4 Ar-15 Rifle,Brother,15.0,M,Student,High School,06/10/2014,8:07 AM,No,Unknown,No,Yes,Summer,Gym
Stellar Leadership Academy,Unknown,0,1,1,-80.243461,25.84814,2014,Miami,Florida,Unknown,Unknown,Unknown,Unknown,Unknown,High,09/09/2014,Unknown,No,No,No,No,Fall,Beside Building
Albemarle High School,Unknown,0,1,1,-80.193152,35.371268,2014,Albemarle,North Carolina,Handgun,Unknown,15.0,M,Student,High School,09/30/2014,7:40 AM,No,No,No,No,Fall,Courtyard
Marysville Pilchuck High School,N,4,1,5,-122.154021,48.09582,2014,Marysville,Washington,.40-Caliber Beretta Px4 Storm Handgun,Father,15.0,M,Student,High School,10/24/2014,10:39 AM,Yes,Yes,No,Yes,Fall,Cafeteria
North Thurston High School,Unknown,0,0,0,-122.83241,47.051956,2015,Lacey,Washington,.357 Magnum,Father,16.0,M,Student,High School,04/27/2015,7:24 AM,Yes,No,No,Yes,Spring,Hallway
Harrisburg High School,W,0,1,1,-96.6998,43.43212,2015,Harrisburg,South Dakota,Handgun,Unknown,16.0,M,Student,High School,09/30/2015,10:00:00,No,No,No,Yes,Fall,Office
Harrisburg High School,W,0,1,1,-96.6998,43.43212,2015,Harrisburg,South Dakota,Handgun,Unknown,16.0,M,Student,High School,09/07/2021,03:00:00,No,No,No,No,Fall,Parking Lot
Karen Wagner High School,B,0,0,0,-98.3578,29.45738,2015,San Antonio,Texas,Unknown,Unknown,22.0,F,Friend Of Student,High School,10/15/2015,9:00 AM,No,No,No,No,Fall,Parking Lot
Vereen School,Unknown,0,0,0,-83.804368,31.175943,2015,Moultrie,Georgia,Semiautomatic Pistol,Department Issued,Unknown,M,Student,Other,11/05/2015,Unknown,No,No,No,No,Fall,Classroom
Benjamin Franklin High School,Unknown,0,0,0,-75.162,39.96367,2016,Philadelphia,Pennsylvania,.45-Caliber Handgun,Unknown,16.0,M,Unknown,High School,01/29/2016,12:00 PM,No,No,No,No,Winter,Hallway
Independence High School,Unknown,1,0,1,-112.221,33.53216,2016,Glendale,Arizona,9Mm Beretta Pistol,"Classmate, Who Took From Parents",15.0,F,Student,High School,02/12/2016,7:53 AM,No,Yes,No,No,Winter,Courtyard
Madison High School,W,0,4,4,-84.4433,39.53385,2016,Middletown,Ohio,Sig Sauer P238,Family Home,14.0,M,Student,High School,02/29/2016,11:15 AM,No,No,No,Yes,Winter,Cafeteria
Huffman High School,B,0,1,1,-86.682,33.61291,2016,Birmingham,Alabama,Unknown,Unknown,19.0,M,Brother Of Student,High School,08/03/2004,8:45 AM,No,No,No,No,Summer,Parking Lot
Huffman High School,B,0,1,1,-86.682,33.61291,2016,Birmingham,Alabama,Unknown,Unknown,19.0,M,Brother Of Student,High School,03/15/2016,2:30 PM,No,No,No,No,Spring,Parking Lot
Huffman High School,B,0,1,1,-86.682,33.61291,2016,Birmingham,Alabama,Unknown,Unknown,19.0,M,Brother Of Student,High School,03/07/2018,3:45 PM,No,No,No,No,Spring,Inside School Building
Huffman High School,B,1,0,1,-86.682,33.61291,2018,Birmingham,Alabama,Pistol,Unknown,17.0,M,Student,High School,08/03/2004,8:45 AM,No,No,No,No,Summer,Parking Lot
Huffman High School,B,1,0,1,-86.682,33.61291,2018,Birmingham,Alabama,Pistol,Unknown,17.0,M,Student,High School,03/15/2016,2:30 PM,No,No,No,No,Spring,Parking Lot
Huffman High School,B,1,0,1,-86.682,33.61291,2018,Birmingham,Alabama,Pistol,Unknown,17.0,M,Student,High School,03/07/2018,3:45 PM,No,No,No,No,Spring,Inside School Building
Alpine High School,Unknown,0,1,1,-103.665798,30.371983,2016,Alpine,Texas,9-Mm. Semi-Automatic Handgun,Unknown,14.0,F,Student,High School,09/08/2016,9:00 AM,No,Yes,No,No,Fall,Bathroom
Townville Elementary School,W,1,2,3,-82.903471,34.56311,2016,Townville,South Carolina,.40 Caliber Pistol,Father,14.0,M,Former Student,Elementary School,09/28/2016,1:45 PM,Yes,No,No,Yes,Fall,Playground
Union Middle School,Unknown,0,1,1,-111.873061,40.60715,2016,Sandy,Utah,Unknown,Mother,14.0,M,Student,Middle School,10/25/2016,3:00 PM,No,No,No,No,Fall,Beside Building
Bay City Western High School,W,0,1,1,-84.0783,43.60478,2016,Auburn,Michigan,.380-Caliber Sig Sauer Pistol,Legally Purchased By Shooter,50.0,M,Resource Officer,High School,11/11/2016,12:30 PM,No,No,No,No,Fall,Office
Scotlandville Magnet High School,Unknown,0,0,0,-91.177851,30.53365,2017,Baton Rouge,Louisiana,Handgun,Unknown,14.0,M,Student,High School,02/06/2017,12:00 PM,Unknown,Unknown,No,No,Winter,Outside on School Property
Robert E. Lee High School,M,0,1,1,-86.271649,32.378702,2017,Montgomery,Alabama,.40-Caliber Handgun,Unknown,16.0,M,Student,High School,11/24/1992,Unknown,No,No,No,No,Fall,Bathroom
Robert E. Lee High School,M,0,1,1,-86.271649,32.378702,2017,Montgomery,Alabama,.40-Caliber Handgun,Unknown,16.0,M,Student,High School,03/16/2017,15:00:00,Unknown,No,No,No,Spring,Parking Lot
Robert E. Lee High School,M,0,1,1,-86.271649,32.378702,2017,Montgomery,Alabama,.40-Caliber Handgun,Unknown,16.0,M,Student,High School,02/26/2019,11:00:00,Unknown,No,Unknown,No,Winter,Gym
Robert E. Lee High School,B,0,1,1,-86.271649,32.378702,2019,Montgomery,Alabama,.40-Caliber Handgun,Stolen From Neighbor,16.0,M,Student,High School,11/24/1992,Unknown,No,No,No,No,Fall,Bathroom
Robert E. Lee High School,B,0,1,1,-86.271649,32.378702,2019,Montgomery,Alabama,.40-Caliber Handgun,Stolen From Neighbor,16.0,M,Student,High School,03/16/2017,15:00:00,Unknown,No,No,No,Spring,Parking Lot
Robert E. Lee High School,B,0,1,1,-86.271649,32.378702,2019,Montgomery,Alabama,.40-Caliber Handgun,Stolen From Neighbor,16.0,M,Student,High School,02/26/2019,11:00:00,Unknown,No,Unknown,No,Winter,Gym
North Park Elementary School,B,2,1,3,-117.301804,34.179206,2017,San Bernardino,California,Smith & Wesson .357 Magnum Revolver,Unknown,53.0,M,Husband Of Teacher,Elementary School,04/10/2017,10:30 AM,No,Yes,No,No,Spring,Classroom
Moss Bluff Elementary School,W,0,1,1,-93.2032,30.29966,2017,Lake Charles,Louisiana,.380 Caliber Semi-Automatic Handgun,"Father'S Gun, Kept By 17 Year Old Who Shared Room With Shooter",7.0,M,Student,Elementary School,05/15/2017,7:50 AM,No,No,No,No,Spring,Inside School Building
Greensboro High School,Unknown,0,0,0,-87.589,32.70713,2017,Greensboro,Alabama,.22 Caliber Revolver,Unknown,Unknown,M,Student,High School,05/24/2017,11:30 AM,Unknown,Unknown,No,No,Spring,Front of School
Warren Elementary School,B,0,2,2,-87.575184,41.726922,2017,Chicago,Illinois,Unknown,Unknown,Unknown,M,Unknown,Elementary School,06/16/2017,1:51 PM,No,No,Yes,No,Summer,Field (General)
Columbus Scioto 6-12,B,0,0,0,-82.9958,39.90163,2017,Columbus,Ohio,.38-Caliber Handgun,Unknown,18.0,M,Unknown,6-12,09/08/2017,8:33 AM,Unknown,Unknown,No,No,Fall,Hallway
Freeman High School,W,1,3,4,-117.19638,47.519667,2017,Rockford,Washington,"Ar-15, Pistol",Father,15.0,M,Student,High School,09/13/2017,10:00:00,Yes,No,No,Yes,Fall,Hallway
Mattoon High School,W,0,1,1,-88.386955,39.474405,2017,Mattoon,Illinois,.40-Caliber Ruger Semiautomatic Pistol,Stepfather,14.0,M,Student,High School,09/20/2017,11:30:00,Yes,Yes,No,Yes,Fall,Cafeteria
Pattengill Academy,B,0,1,1,-84.5243,42.73889,2017,Lansing,Michigan,Handgun,Puchased Legally By Shooter From Dicker & Deal,21.0,M,Unknown,Middle,11/03/2017,4:30 PM,No,No,Unknown,No,Fall,Parking Lot
Aztec High School,W,2,0,2,-107.990379,36.820644,2017,Aztec,New Mexico,9Mm Glock,Legally Purchased By Shooter,21.0,M,Former Student,High School,12/07/2017,08:04:00,Unknown,No,No,Yes,Winter,Classroom
High Point Central High School,B,0,0,0,-80.0231,35.95795,2017,High Point,North Carolina,Handgun,Unknown,15.0,M,Unknown,High School,12/11/2017,2:08 PM,No,No,Yes,No,Winter,Cafeteria
Italy High School,W,0,1,1,-96.878968,32.181129,2018,Italy,Texas,Semi-Automatic .380 Caliber Handgun,Unknown,16.0,M,Student,High School,01/22/2018,7:53 AM,No,Yes,No,Yes,Winter,Cafeteria
Marshall County High School,W,2,14,16,-88.332917,36.912835,2018,Benton,Kentucky,Handgun,Stepfather'S Bedroom,15.0,M,Student,High School,01/23/2018,7:57 AM,Unknown,No,No,Yes,Winter,Hallway
Murphy High School,B,0,0,0,-88.0867,30.6828,2018,Mobile,Alabama,Revolver,Stolen,16.0,M,Student,High School,01/25/2018,11:20 AM,Unknown,No,No,No,Winter,Beside Building
Salvador B. Castro Middle School,Unknown,0,5,5,-118.265,34.06169,2018,Los Angeles,California,Semi-Automatic Handgun,Unknown,12.0,F,Student,Middle School,02/01/2018,8:55 AM,Yes,No,No,No,Winter,Classroom
Marjory Stoneman Douglas High School,W,17,17,34,-80.269365,26.304483,2018,Parkland,Florida,Smith & Wesson M&P15,Legally Purchased By Shooter,19.0,M,Former Student (Expelled),High School,02/14/2018,2:21 PM,No,No,No,Yes,Winter,Hallway
Dalton High School,W,0,0,0,-84.99053,34.77972,2018,Dalton,Georgia,.38-Caliber Snub-Nosed Revolver,Unknown,53.0,M,Teacher,High School,02/28/2018,11:30 AM,No,No,No,No,Winter,Classroom
Seaside High School,W,0,3,3,-121.838,36.62444,2018,Seaside,California,Glock 21 .45-Caliber Handgun,Department Issued,Unknown,M,Teacher,High School,03/13/2018,1:20 PM,No,No,No,No,Spring,Classroom
Big Sky High School,Unknown,0,0,0,-114.057737,46.850867,2018,Missoula,Montana,Pistol,Department Issued,Unknown,M,Resource Officer,High School,03/16/2018,12:45 PM,Unknown,Unknown,Unknown,Unknown,Spring,Parking Lot
Douglass Park Elementary School,Unknown,0,1,1,-76.3393,36.81828,2018,Portsmouth,Virginia,Unknown,Unknown,Unknown,Unknown,Unknown,Elementary School,03/19/2018,4:23 PM,No,No,No,No,Spring,Parking Lot
Great Mills High School,W,1,1,2,-76.4875,38.24743,2018,Great Mills,Maryland,Glock Semi-Automatic Handgun,Father,17.0,M,Student,High School,03/20/2018,7:55 AM,No,Yes,No,No,Spring,Hallway
Jackson High School,Unknown,0,0,0,-84.4185,42.2499,2018,Jackson,Michigan,Handgun,Unknown,Unknown,Unknown,Unknown,High School,04/19/2018,1:44 PM,No,No,Unknown,No,Spring,Off School Property
Forest High School,Unknown,0,1,1,-82.066682,29.14362,2018,Ocala,Florida,Shotgun,Unknown,19.0,M,Former Student,High School,04/20/2018,08:39:00,No,No,No,Yes,Spring,Classroom
Highland High School,H,0,1,1,-106.592413,35.074841,2018,Albuquerque,New Mexico,Handgun,Owner'S Gun,Unknown,M,Father Of Student,High School,04/25/2018,14:30:00,No,No,No,No,Spring,Front of School
Highland High School,Unknown,0,1,1,-118.175561,34.591755,2018,Palmdale,California,Rifle,Unknown,14.0,M,Student,High School,05/11/2018,7:05 AM,Unknown,No,No,No,Spring,Bathroom
Dixon High School,W,0,0,0,-89.488508,41.847128,2018,Dixon,Illinois,Rifle,Mother,19.0,M,Student,High School,05/16/2018,8:00 AM,Yes,No,No,Unknown,Spring,Gym
Santa Fe High School,W,10,13,23,-95.143149,29.393257,2018,Santa Fe,Texas,Remington 870 Shotgun And A .38-Caliber Revolver,Unknown,17.0,M,Student,High School,05/18/2018,7:45 AM,Yes,No,No,Yes,Spring,Classroom
Noblesville West Middle School,Unknown,0,2,2,-86.029001,40.07825,2018,Noblesville,Indiana,".22 Caliber Gun, .45 Caliber Gun",Unknown,13.0,M,Student,Middle School,05/25/2018,9:00 AM,No,No,No,No,Spring,Classroom
Villa Heights Elementary School,B,0,0,0,-80.812768,35.236843,2018,Charlotte,North Carolina,.45 Caliber Pistol,Stolen,34.0,M,Former Boyfriend Of Student'S Mother,Elementary School,08/30/2018,8:30 AM,No,Yes,No,No,Summer,Parking Lot
Lawrence Orr Elementary School,B,0,0,0,-80.743914,35.225991,2018,Charlotte,North Carolina,Unknown,Unknown,24.0,M,Unknown,Elementary School,09/24/2018,9:00 AM,No,Unknown,Unknown,No,Fall,Parking Lot
Denali Montessori Elementary School,B,0,1,1,-149.881113,61.213281,2018,Anchorage,Alaska,Sig Sauer .40 Caliber Handgun,Unknown,26.0,M,Boyfriend Of Parent,Elementary School,10/03/2018,10:00:00,No,Yes,No,No,Fall,Front of School
Battle Creek Academy,Unknown,0,0,0,-85.207497,42.33419,2018,Battle Creek,Michigan,Unknown,Unknown,Unknown,Unknown,Unknown,Elementary,10/12/2018,1:00 PM,No,No,Unknown,No,Fall,Off School Property
Butler High School,B,1,0,1,-80.6916,35.1203,2018,Matthews,North Carolina,.380 Pistol,Stolen,16.0,M,Student,High School,10/29/2018,07:15:00,Yes,No,No,No,Fall,Hallway
Simonsdale Elementary School,B,0,1,1,-76.36628,36.82682,2018,Portsmouth,Virginia,Handgun,Unknown,29.0,M,Parent Of Student,Elementary School,11/20/2018,4:00 PM,No,No,No,No,Fall,Hallway
Dennis Intermediate School,Unknown,0,0,0,-84.9114,39.832,2018,Richmond,Indiana,Handgun And A Rifle,Unknown,14.0,M,Student,Middle,12/13/2018,8:00 AM,Yes,No,No,Yes,Winter,Hallway
Cascade Middle School,Unknown,0,0,0,-123.1667,44.0788,2019,Eugene,Oregon,Handgun,Unknown,30.0,M,Father Of Student,Middle School,01/11/2019,10:27 AM,No,No,No,No,Winter,Front of School
Frederick Douglass High School,Unknown,0,1,1,-76.6549,39.3148,2019,Baltimore,Maryland,Smith And Wesson .40 Caliber Gun,Unknown,25.0,M,Brother Of Student,High School,10/29/1971,3:00 PM,No,No,No,No,Fall,Parking Lot
Frederick Douglass High School,Unknown,0,1,1,-76.6549,39.3148,2019,Baltimore,Maryland,Smith And Wesson .40 Caliber Gun,Unknown,25.0,M,Brother Of Student,High School,02/08/2019,1:15 PM,No,No,No,No,Winter,Entryway
V. Sue Cleveland High School,Unknown,0,0,0,-106.641929,35.312773,2019,Rio Rancho,New Mexico,.45 Caliber Handgun,Unknown,16.0,M,Student,High School,02/14/2019,7:00 AM,Unknown,Yes,Unknown,Yes,Winter,Hallway
Highlands Elementary School,W,0,0,0,-94.6409,39.0168,2019,Mission,Kansas,Handgun,Unknown,26.0,M,Neighbor Of School,Elementary School,03/01/2019,13:30:00,No,No,No,No,Spring,Off School Property
Blountsville Elementary School,W,0,1,1,-86.586,34.0847,2019,Blountsville,Alabama,Taurus .380 Pistol,Legally Purchased By Shooter,72.0,M,Substitute Teacher,Elementary School,03/22/2019,11:30 AM,No,No,No,No,Spring,Classroom
Saint Clair Evans Academy,Unknown,0,0,0,-81.695138,30.371086,2019,Jacksonville,Florida,Unknown,Unknown,Unknown,Unknown,Unknown,Elementary,04/03/2019,11:00 AM,No,No,Unknown,No,Spring,Off School Property
Menta Academy North,H,0,0,0,-87.83950925,42.35333175,2019,Waukegan,Illinois,2 Handguns,Unknown,27.0,M,Unknown,Other,06/10/2019,1:45 PM,No,No,No,No,Summer,Front of School
Hendley Elementary School,Unknown,0,0,0,-76.999555,38.828872,2019,Washington,District Of Columbia,Unknown,Unknown,Unknown,Unknown,Unknown,Elementary School,05/30/2019,10:40 PM,No,No,Yes,No,Spring,Front of School
Hendley Elementary School,Unknown,0,0,0,-76.999555,38.828872,2019,Washington,District Of Columbia,Unknown,Unknown,Unknown,Unknown,Unknown,Elementary School,06/12/2019,4:20 PM,No,No,Yes,No,Summer,Front of School
Blount Elementary School,B,0,0,0,-86.1324,32.3106,2019,Montgomery,Alabama,Pistol,Unknown,38.0,M,Father Of Student,Elementary School,08/08/2019,7:30 AM,No,No,No,No,Summer,Parking Lot
Hollenbeck Middle School,Unknown,0,1,1,-118.212583,34.036765,2019,Los Angeles,California,Unknown,Unknown,Unknown,Unknown,Unknown,Middle School,08/27/2019,11:00 AM,No,No,Unknown,No,Summer,Cafeteria
South Aiken High School,Unknown,0,0,0,-81.71303,33.521766,2019,Aiken,South Carolina,Unknown,Unknown,Unknown,Unknown,Unknown,High School,01/27/2017,21:00:00,No,No,Yes,No,Winter,Beside Building
South Aiken High School,Unknown,0,0,0,-81.71303,33.521766,2019,Aiken,South Carolina,Unknown,Unknown,Unknown,Unknown,Unknown,High School,09/10/2019,3:30 PM,No,No,No,No,Fall,Parking Lot
Ridgway High School,Unknown,0,1,1,-122.7226,38.4497,2019,Santa Rosa,California,Unknown,Unknown,17.0,Unknown,Student,High School,10/22/2019,08:56:00,No,No,Yes,No,Fall,Beside Building
Achievement Academy,Unknown,0,1,1,-76.571382,39.366066,2019,Baltimore,Maryland,Unknown,Unknown,Unknown,Unknown,Unknown,High,11/11/2019,2:00 PM,No,No,No,No,Fall,Parking Lot
Esteban Torres High School,Unknown,1,0,1,-118.175531,34.041846,2019,Los Angeles,California,Unknown,Police,Unknown,Unknown,Sheriff'S Deputy,High School,11/13/2019,9:00 AM,Unknown,Unknown,Unknown,Unknown,Fall,Courtyard
Waukesha South High School,W,0,1,1,-88.2237,42.993,2019,Waukesha,Wisconsin,Handgun,Department Issued,Unknown,M,Resource Officer,High School,12/02/2019,10:07:00,Unknown,No,No,Unknown,Winter,Classroom
Oshkosh West High School,W,0,1,1,-88.5736,44.0225,2019,Oshkosh,Wisconsin,Handgun,Department Issued,Unknown,M,Resource Officer,High School,12/03/2019,9:12 AM,Unknown,Unknown,Unknown,Unknown,Winter,Hallway
Decatur High School,Unknown,0,0,0,-86.97216,34.593282,2019,Decatur,Alabama,Unknown,Unknown,22.0,M,Unknown,High School,12/10/2019,8:20 AM,No,Yes,No,No,Winter,Parking Lot
Sacred Heart School,Unknown,0,0,0,-74.083408,40.706963,2019,Jersey City,New Jersey,Unknown,Unknown,Unknown,Unknown,Unknown,K-8,12/10/2019,12:30 PM,No,No,No,No,Winter,Off School Property
West High School,Unknown,0,0,0,-111.900444,40.774742,2020,Salt Lake City,Utah,Unknown,Unknown,Unknown,Unknown,Student,High School,05/24/2004,6:00 AM,No,Yes,No,No,Spring,Parking Lot
Cesar Chavez Community School,Unknown,0,0,0,-106.583882,35.059669,2020,Albuquerque,New Mexico,Unknown,Unknown,Unknown,Unknown,Unknown,Other,02/21/2020,11:20 AM,No,No,Unknown,No,Winter,Front of School
Sagemont School,B,0,1,1,-80.424081,26.13796,2020,Weston,Florida,Unknown,Unknown,55.0,M,Security Guard,K-12,03/05/2020,12:20 PM,No,No,No,No,Spring,Parking Lot
Lincoln Elementary School,Unknown,0,1,1,-78.0429,34.2618,2020,Leland,North Carolina,Unknown,Unknown,Unknown,Unknown,Unknown,Elementary School,11/13/2020,14:15:00,No,No,No,No,Fall,Playground
Hendersonville Middle School,Unknown,0,1,1,-82.473,35.3219,2020,Hendersonville,North Carolina,Unknown,Unknown,12.0,M,Unknown,Middle School,11/25/2020,07:45:00,Unknown,Unknown,No,Unknown,Fall,Gym
Watson Chapel Junior High,B,1,0,1,-92.065921,34.189927,2021,Pine Bluff,Arkansas,Handgun,Unknown,15.0,M,Unknown,Middle School,03/01/2021,09:59:00,No,No,No,No,Spring,Hallway
Bishop Hartley High School,Unknown,0,0,0,-82.910821,39.94497,2021,Columbus,Ohio,Unknown,Unknown,Unknown,Unknown,Unknown,High School,03/09/2021,20:50:00,No,Unknown,Unknown,No,Spring,Gym
Selma High School,B,0,0,0,-87.022637,32.428416,2021,Selma,Alabama,Handgun,Unknown,15.0,M,Unknown,High School,03/13/1991,9:35 AM,No,No,No,No,Spring,Gym
Selma High School,B,0,0,0,-87.022637,32.428416,2021,Selma,Alabama,Handgun,Unknown,15.0,M,Unknown,High School,04/01/2021,13:00:00,Unknown,No,Unknown,No,Spring,Cafeteria
Smyrna Middle School,B,1,0,1,-75.623778,39.302595,2021,Smyrna,Delaware,Handgun,Unknown,47.0,M,Unknown,Middle School,04/27/2021,22:25:00,No,Yes,No,No,Spring,Parking Lot
Ware Shoals High School,W,0,0,0,-82.238603,34.393145,2021,Ware Shoals,South Carolina,Handgun,Mom'S Gun; Kept In Her Car,15.0,M,Unknown,High School,05/05/2021,08:05:00,Unknown,No,No,Unknown,Spring,Parking Lot
Rigby Middle School,Unknown,0,3,3,-111.941927,43.668498,2021,Rigby,Idaho,Handgun,Unknown,Unknown,F,Student,Middle School,05/06/2021,09:15:00,Unknown,No,No,Yes,Spring,Inside School Building
Rigby Middle School,Unknown,0,3,3,-111.941927,43.668498,2021,Rigby,Idaho,Handgun,Unknown,Unknown,F,Student,Middle School,09/23/2021,Unknown,No,No,No,No,Fall,Bathroom
Lithonia High School,Unknown,0,1,1,-84.1294,33.725,2021,Lithonia,Georgia,Handgun,Unknown,Unknown,Unknown,Resource Officer,High School,08/12/2021,15:00:00,Unknown,Unknown,Unknown,Unknown,Fall,Parking Lot
Washington Middle School,Unknown,1,0,1,-106.661691,35.086144,2021,Albuquerque,New Mexico,Handgun,Unknown,13.0,M,Unknown,Middle School,08/13/2021,12:45:00,Yes,No,No,No,Fall,Playground
Orangeburg-Wilkinson High School,Unknown,0,3,3,-80.836538,33.524095,2021,Orangeburg,South Carolina,Unknown,Unknown,14.0,M,Unknown,High School,08/18/2021,16:00:00,Unknown,No,Unknown,No,Fall,Parking Lot
New Hanover High School,B,0,1,1,-77.9324,34.2374,2021,Wilmington,North Carolina,Unknown,Unknown,15.0,M,Unknown,High School,08/30/2021,11:24:00,Yes,No,No,No,Fall,Hallway
Tri-County Education Center,Unknown,0,0,0,-83.159362,42.450386,2021,Ferndale,Michigan,Unknown,Unknown,Unknown,M,Unknown,6-12,09/09/2021,14:30:00,No,No,Unknown,No,Fall,Parking Lot
Heritage High School,Unknown,0,2,2,-76.4272,37.0063,2021,Newport News,Virginia,Unknown,Unknown,15.0,M,Unknown,High School,09/20/2021,11:40:00,No,No,Unknown,No,Fall,Hallway
Timberview High School,B,0,4,4,-97.076321,32.622073,2021,Arlington,Texas,Handgun,Unknown,18.0,M,Student,High School,10/06/2021,09:15:00,No,No,No,No,Fall,Classroom
Little Rock Central High School,Unknown,0,0,0,-92.298954,34.736827,2021,Little Rock,Arkansas,Unknown,Unknown,Unknown,Unknown,Unknown,High School,09/02/2021,08:00:00,No,No,No,No,Fall,Front of School
Little Rock Central High School,Unknown,0,0,0,-92.298954,34.736827,2021,Little Rock,Arkansas,Unknown,Unknown,Unknown,Unknown,Unknown,High School,10/12/2021,11:50:00,No,No,Unknown,No,Fall,Front of School
Wendell Phillips Academy High School,Unknown,0,2,2,-87.6199,41.8244,2021,Chicago,Illinois,Unknown,Unknown,Unknown,Unknown,Unknown,High School,10/12/2021,14:30:00,No,No,Unknown,Yes,Fall,Entryway
Cathedral School,Unknown,0,0,0,-91.394805,31.562163,2021,Natchez,Mississippi,Unknown,Unknown,Unknown,Unknown,Unknown,K-12,10/26/2021,09:20:00,No,No,No,No,Fall,Classroom
Poughkeepsie High School,Unknown,0,0,0,-73.9138,41.6948,2021,Poughkeepsie,New York,.38-Caliber Handgun,Unknown,13.0,M,Student,High School,11/15/2021,15:15:00,No,No,No,No,Fall,Front of School
P.S. 44,Unknown,0,0,0,-73.891,40.8425,2021,Bronx,New York,Handgun,Unknown,45.0,M,Unknown,Elementary,11/16/2021,14:15:00,No,No,Unknown,No,Fall,Front of School
Hinkley High School,Unknown,0,3,3,-104.8086,39.7349,2021,Aurora,Colorado,Unknown,Unknown,16.0,Unknown,Student,High School,11/19/2021,13:50:00,No,No,Unknown,No,Fall,Parking Lot
Thornton Township High School,Unknown,0,0,0,-87.643734,41.61606,2021,Harvey,Illinois,Unknown,Unknown,Unknown,Unknown,Unknown,High School,11/24/2021,15:00:00,No,No,Unknown,No,Fall,Front of School
Oxford High School,W,4,7,11,-83.260782,42.838243,2021,Oxford,Michigan,9Mm Handgun,Parent,15.0,M,Student,High School,08/31/2006,9:40 PM,No,No,No,No,Summer,Football Field/Track
Oxford High School,W,4,7,11,-83.260782,42.838243,2021,Oxford,Michigan,9Mm Handgun,Parent,15.0,M,Student,High School,11/30/2021,12:51:00,Unknown,No,No,Yes,Fall,Inside School Building
Sam Rayburn High School,Unknown,0,0,0,-95.182324,29.678303,2021,Pasadena,Texas,Unknown,Unknown,21.0,M,Unknown,High School,12/12/2017,6:00 PM,No,No,No,No,Winter,Parking Lot
Sam Rayburn High School,Unknown,0,0,0,-95.182324,29.678303,2021,Pasadena,Texas,Unknown,Unknown,21.0,M,Unknown,High School,12/01/2021,11:00:00,No,No,No,No,Winter,Football Field/Track
West Charlotte High School,Unknown,0,0,0,-80.8585,35.2654,2021,Charlotte,North Carolina,Unknown,Unknown,Unknown,Unknown,Student,High School,12/13/2021,14:16:00,No,No,No,No,Winter,Parking Lot
Eau Claire High School,Unknown,0,0,0,-81.040984,34.048231,2021,Columbia,South Carolina,Unknown,Unknown,15.0,M,Student,High School,01/24/1994,Unknown,Yes,No,No,No,Winter,Hallway
Eau Claire High School,Unknown,0,0,0,-81.040984,34.048231,2021,Columbia,South Carolina,Unknown,Unknown,15.0,M,Student,High School,12/16/2021,15:00:00,Unknown,No,Unknown,No,Winter,Parking Lot
Auburn High School,B,0,2,2,-89.137895,42.286784,2022,Rockford,Illinois,9Mm Handgun,Unknown,16.0,M,Unknown,High School,01/04/2022,13:50:00,No,No,No,No,Winter,Parking Lot
Seminole High School,B,0,1,1,-81.283,28.7793,2022,Sanford,Florida,9Mm Handgun,Unknown,16.0,M,Student,High School,01/19/2022,23:57:00,No,Yes,No,No,Winter,Bathroom
Magruder High School,Unknown,0,1,1,-77.1183,39.1313,2022,Rockville,Maryland,Unknown,Unknown,17.0,M,Student,High School,01/21/2022,12:53:00,No,No,Unknown,No,Fall,Bathroom
South Education Center,H,1,1,2,-93.310844,44.868045,2022,Richfield,Minnesota,Unknown,Unknown,19.0,M,Student,K-12,02/01/2022,12:04:00,No,No,Yes,No,Winter,Front of School
Mount Vernon High School,Unknown,0,0,0,-73.8151,40.9258,2022,Mount Vernon,New York,Unknown,Unknown,Unknown,Unknown,Unknown,High School,02/08/2022,14:30:00,No,No,Unknown,No,Winter,Front of School
Olathe East High School,B,0,2,2,-94.7539,38.8959,2022,Olathe,Kansas,Unknown,Unknown,18.0,M,Student,High School,03/04/2022,10:30:00,No,No,No,Unknown,Spring,Office
East High School,Unknown,1,2,3,-93.600681,41.5969,2022,Des Moines,Iowa,Unknown,Unknown,Unknown,Unknown,Unknown,High School,03/07/2022,02:50:00,No,No,Yes,No,Spring,Front of School
North Gardens High School,Unknown,0,3,3,-80.276769,25.938839,2022,Miami Gardens,Florida,Glock,Unknown,17.0,M,Unknown,High School,03/09/2022,13:30:00,No,No,Unknown,No,Spring,Front of School
De Anza High School,Unknown,0,1,1,-122.288035,37.969409,2022,Richmond,California,Unknown,Unknown,Unknown,Unknown,Student,High School,09/27/2019,21:00:00,No,No,Yes,No,Fall,Off School Property
De Anza High School,Unknown,0,1,1,-122.288035,37.969409,2022,Richmond,California,Unknown,Unknown,Unknown,Unknown,Student,High School,03/11/2022,15:00:00,No,No,Unknown,No,Spring,Outside on School Property
Eisenhower High School,Unknown,1,0,1,-120.565796,46.591635,2022,Yakima,Washington,Unknown,Unknown,15.0,M,Student,High School,03/15/2022,15:00:00,No,No,Yes,No,Winter,Parking Lot
Rippon Middle School,B,0,0,0,-77.2671,38.6226,2022,Woodbridge,Virginia,Rifle And Shotgun,Unknown,20.0,M,Unknown,Middle School,03/24/2022,11:11:00,No,Yes,No,No,Spring,Beside Building
Western High School,Unknown,0,2,2,-115.202879,36.176163,2022,Las Vegas,Nevada,Unknown,Unknown,Unknown,Unknown,School Police Officer,High School,01/09/2007,6:30 AM,No,No,No,No,Winter,Parking Lot
Western High School,Unknown,0,2,2,-115.202879,36.176163,2022,Las Vegas,Nevada,Unknown,Unknown,Unknown,Unknown,School Police Officer,High School,03/29/2022,14:15:00,Unknown,Unknown,Unknown,Unknown,Spring,Parking Lot
Erie High School,Unknown,0,1,1,-80.082293,42.101896,2022,Erie,Pennsylvania,9Mm Handgun,Unknown,14.0,M,Student,High School,11/02/2020,00:05:00,Unknown,No,No,No,Fall,Cafeteria
Erie High School,Unknown,0,1,1,-80.082293,42.101896,2022,Erie,Pennsylvania,9Mm Handgun,Unknown,14.0,M,Student,High School,04/05/2022,09:40:00,Unknown,No,Unknown,No,Spring,Hallway
Pine Bluff High School,Unknown,0,0,0,-92.010781,34.219096,2022,Pine Bluff,Arkansas,Unknown,Unknown,Unknown,M,Student,High School,04/11/2022,14:45:00,No,No,Unknown,No,Spring,Parking Lot
Edmund Burke School,Unknown,0,4,4,-77.06209293,38.94304098,2022,Washington,District Of Columbia,Sniper Rifle,Unknown,23.0,M,Unknown,6-12,04/22/2022,15:20:00,Unknown,No,No,Yes,Spring,Hallway
Heights High School,Unknown,0,1,1,-95.3935,29.795384,2022,Houston,Texas,Ak Pistol,Unknown,17.0,M,Student,High School,05/12/2022,13:15:00,No,No,Unknown,No,Spring,Parking Lot
Walt Disney Magnet School,Unknown,0,1,1,-87.6469,41.9568,2022,Chicago,Illinois,Unknown,Unknown,8.0,M,Student,K-8,05/17/2022,10:00:00,No,No,No,No,Spring,Classroom
Mexia High School,Unknown,0,0,0,-96.473307,31.696012,2022,Mexia,Texas,Unknown,Unknown,17.0,M,Student,High School,05/16/2022,11:20:00,No,No,Unknown,No,Spring,Bathroom
Robb Elementary School,H,21,12,33,-99.78812,29.199304,2022,Uvalde,Texas,Unknown,Unknown,18.0,M,Unknown,Elementary School,05/24/2022,11:30:00,Unknown,Unknown,No,Yes,Spring,Inside School Building
Beechcroft High School,Unknown,0,0,0,-82.9647,40.0942,2023,Columbus,Ohio,Unknown,Unknown,15.0,Unknown,Student,High School,09/16/2021,21:53:00,No,No,Unknown,No,Fall,Parking Lot
William Penn High School,Unknown,0,0,0,-75.584879,39.668622,2023,New Castle,Delaware,Handgun,Unknown,16.0,M,Student,High School,02/09/2006,8:50 PM,No,No,No,No,Winter,Parking Lot
William Penn High School,Unknown,0,0,0,-75.584879,39.668622,2023,New Castle,Delaware,Handgun,Unknown,16.0,M,Student,High School,01/08/2009,8:30 PM,No,No,No,No,Winter,Gym
Taylorsville High School,Unknown,0,0,0,-111.936978,40.655508,2023,Taylorsville,Utah,Unknown,Unknown,Unknown,Unknown,Student,High School,10/12/2001,Unknown,No,No,No,No,Fall,Hallway
Palo Duro High School,Unknown,0,1,1,-101.824434,35.228498,2023,Amarillo,Texas,Unknown,Unknown,Unknown,Unknown,Unknown,High School,09/11/1992,10:00 AM,No,No,No,No,Fall,Hallway
Anniston High School,Unknown,0,1,1,-85.82,33.6612,2023,Anniston,Alabama,Unknown,Unknown,Unknown,Unknown,Student,High School,04/30/1982,7:25 AM,No,No,No,No,Spring,Parking Lot
George Wythe High School,Unknown,0,2,2,-77.483075,37.510274,2023,Richmond,Virginia,Unknown,Unknown,18.0,M,Student,High School,05/19/2022,14:13:00,No,No,Unknown,No,Spring,Parking Lot
