School,Race,Killed,Injured,Longitude,Latitude,Year,City,State,Weapon,Weapon Source,Age,Gender_Shooter1,Shooter_Relationship1,Type,Date,Time,Bullied,Domestic_Violence,Gang_Related,Preplanned,Quarter,Location,Time_Bin,Weapon_Category
Columbine High School,W,13,21,-105.075,39.60391,1999,Littleton,Colorado,"12-Gauge Savage-Springfield 67H Pump-Action Shotgun, Hi-Point 995 Carbine 9 Mm Carbine, 9_19Mm Intratec Tec-9 Semi-Automatic Handgun, 12-Gauge Stevens 311D Double-Barreled Sawed-Off Shotgun",Purchased From Friends,18.0,M,Student,High School,04/20/1999,2024-05-16 11:19:00,Yes,No,No,Yes,Spring,Cafeteria,Morning,Pistol
Scotlandville Middle School,Unknown,0,1,-91.169966,30.529958,1999,Baton Rouge,Louisiana,.22 Caliber Pistol,Unknown,14.0,M,Former Student (Expelled),Middle School,04/22/1999,2024-05-16 12:30:00,No,No,No,No,Spring,Beside Building,Afternoon,Pistol
Heritage High School,W,0,6,-84.04796,33.626922,1999,Conyers,Georgia,".22 Caliber Rifle, 357-Caliber Magnum Handgun",Unknown,15.0,M,Student,High School,05/20/1999,2024-05-16 08:03:00,No,No,No,Yes,Spring,Hallway,Morning,Rifle
Deming Middle School,H,1,0,-107.762986,32.261547,1999,Deming,New Mexico,.22-Caliber Colt Revolver,Home,12.0,M,Student,Middle School,11/19/1999,2024-05-16 12:45:00,No,No,No,No,Fall,Outside on School Property,Afternoon,Pistol
Fort Gibson Middle School,Ai,0,5,-95.241921,35.795556,1999,Fort Gibson,Oklahoma,Taurus 9Mm Pistol,Father,13.0,M,Student,Middle School,12/06/1999,2024-05-16 07:45:00,No,No,No,No,Winter,Front of School,Morning,Pistol
Ridgewood High School,W,1,0,-82.687231,28.273253,2000,New Port Richey,Florida,.22-Caliber Magnum Handgun,Stolen,16.0,M,Student,High School,01/19/2000,2024-05-16 15:00:00,No,No,No,No,Winter,Outside on School Property,Afternoon,Pistol
Alicia Reyes Elementary School,Unknown,0,0,-120.494808,37.286387,2000,Merced,California,.22 Caliber Revolver,Unknown,13.0,M,No Connection,Elementary School,01/26/2000,2024-05-16 08:34:00,Yes,No,No,No,Winter,Parking Lot,Morning,Pistol
Duke Ellington Elementary School,Unknown,0,1,-87.766042,41.885272,2000,Chicago,Illinois,Unknown,Unknown,11.0,M,Student,Elementary School,02/14/2000,2024-05-16 15:00:00,No,No,No,No,Winter,Bathroom,Afternoon,Unknown
Hugo High School,Unknown,0,1,-95.511435,34.010732,2000,Hugo,Oklahoma,Small-Caliber Pistol,Legally Purchased By Shooter,33.0,F,Parent Of Student,High School,04/06/2000,2024-05-16 12:00:00,No,No,No,No,Spring,Football Field/Track,Afternoon,Pistol
Carmichael Elementary School,Unknown,1,0,-110.29924,31.56269,2000,Sierra Vista,Arizona,Unknown,Unknown,39.0,M,Spouse Of Teacher,Elementary School,05/10/2000,2024-05-16 13:30:00,No,Yes,No,No,Spring,Classroom,Afternoon,Unknown
Lake Worth Middle School,B,1,0,-80.085968,26.451351,2000,Lake Worth,Florida,.25-Caliber Handgun,Grandfather,13.0,M,Student,Middle School,05/26/2000,2024-05-16 15:00:00,No,No,No,No,Spring,Classroom,Afternoon,Pistol
Dimmitt Middle School,W,0,0,-122.233115,47.493015,2000,Renton,Washington,.22-Caliber Handgun,Grandparents,13.0,M,Student In Summer School,Middle School,07/17/2000,2024-05-16 10:30:00,Unknown,No,No,Yes,Summer,Cafeteria,Morning,Pistol
Mount Healthy North Junior High,Unknown,0,0,-84.555558,39.251506,2000,Mount Healthy,Ohio,.380-Caliber Semiautomatic Handgun,Relatives,14.0,M,Student,Middle School,09/18/2000,,No,No,No,No,Fall,Classroom,Unknown,Pistol
Carter G. Woodson Middle School,Unknown,0,1,-90.090046,29.939676,2000,New Orleans,Louisiana,.38-Caliber Revolver,Unknown,13.0,M,Student,Middle School,09/26/1979,2024-05-16 11:50:00,No,No,No,No,Fall,Field (General),Morning,Pistol
Hueneme High School,H,0,0,-119.1822,34.160149,2001,Oxnard,California,Handgun,Unknown,17.0,M,Not A Student But Often Hung Around The School,High School,01/10/2001,2024-05-16 12:50:00,No,No,Yes,No,Winter,Parking Lot,Afternoon,Pistol
Lake Clifton Eastern High School,Unknown,1,0,-76.590038,39.316116,2001,Baltimore,Maryland,.32-Caliber Handgun,Unknown,19.0,M,None,High School,01/17/2001,2024-05-16 08:45:00,No,No,No,No,Winter,Front of School,Morning,Pistol
Santana High School,W,2,13,-116.971045,32.85756,2001,Santee,California,.22-Caliber Revolver,Father,15.0,M,Student,High School,03/05/2001,2024-05-16 09:20:00,Yes,No,No,Yes,Spring,Bathroom,Morning,Pistol
Granite Hills High School,Unknown,0,5,-116.916889,32.800101,2001,El Cajon,California,Mossberg Pump-Action 12-Gauge Shotgun,Unknown,18.0,M,Student,High School,03/22/2001,2024-05-16 12:54:00,No,No,No,No,Spring,Beside Building,Afternoon,Shotgun
Lew Wallace High School,Unknown,1,0,-87.34132,41.536645,2001,Gary,Indiana,Pistol,Unknown,17.0,M,Former Student (Expelled),High School,03/30/2001,2024-05-16 08:15:00,Yes,No,Yes,No,Spring,Parking Lot,Morning,Pistol
Monroe City Alternative Center,Unknown,0,0,-92.070624,32.524187,2001,Monroe,Louisiana,.380 Caliber Semi-Automatic Pistol,Unknown,14.0,M,Student,High,04/20/2001,2024-05-16 07:20:00,No,No,No,Unknown,Spring,Hallway; Beside Building,Morning,Pistol
Ennis High School,Unknown,0,0,-96.629758,32.305062,2001,Ennis,Texas,.357 Magnum Pistol,Unknown,16.0,M,Student,High School,05/15/2001,2024-05-16 12:00:00,No,No,No,No,Spring,Classroom,Afternoon,Pistol
Belmont High School,Unknown,0,1,-118.263286,34.061499,2001,Los Angeles,California,Revolver,Unknown,,M,Unknown,High School,07/30/2001,2024-05-16 07:25:00,No,No,Unknown,No,Summer,Hallway,Morning,Pistol
Latonia Elementary School,W,1,0,-84.49833,39.044149,2001,Covington,Kentucky,.380-Caliber Semiautomatic Pistol,Unknown,30.0,F,Parent Of Student,Elementary School,09/12/2001,2024-05-16 15:00:00,No,No,No,No,Fall,Parking Lot,Afternoon,Pistol
Redondo Union High School,Unknown,0,1,-118.384456,33.844274,2001,Redondo Beach,California,.38-Caliber Handgun,Unknown,16.0,M,Student,High School,10/26/2001,2024-05-16 10:00:00,No,No,No,No,Fall,Courtyard,Morning,Pistol
Caro Learning Center,Unknown,0,0,-83.438553,43.458011,2001,Caro,Michigan,20-Guage Shotgun,Legally Purchased By Shooter,17.0,M,Student,High,11/12/2001,2024-05-16 14:40:00,No,No,No,No,Fall,Classroom,Afternoon,Shotgun
Gardena High School,Unknown,0,2,-118.296704,33.866342,2002,Los Angeles,California,Pistol,Unknown,17.0,M,Student,High School,02/06/2002,2024-05-16 14:50:00,No,No,No,No,Winter,Bathroom,Afternoon,Pistol
Gardena High School,Unknown,0,2,-118.29633,33.866372,2011,Los Angeles,California,9-Mm Beretta Handgun,Unknown,17.0,M,Student,High School,02/06/2002,2024-05-16 14:50:00,No,No,No,No,Winter,Bathroom,Afternoon,Pistol
Benjamin Tasker Middle School,B,0,1,-76.746341,38.957407,2002,Bowie,Maryland,Bushmaster Xm-15 Rifle,Stolen,,M,None,Middle School,10/07/2002,2024-05-16 08:09:00,No,No,No,No,Fall,Front of School,Morning,Rifle
Lincoln High School,Unknown,0,1,-74.070502,40.716783,2002,Jersey City,New Jersey,Browning .380-Caliber Pistol,Unknown,15.0,M,Student,High School,10/29/2002,2024-05-16 08:30:00,No,No,No,No,Fall,Hallway,Morning,Pistol
St. James Catholic School,Unknown,1,1,-94.45515,39.240746,2002,Liberty,Missouri,Revolver,Legally Purchased By Shooter,41.0,M,Parent Of Student,K-8,11/07/2002,2024-05-16 12:40:00,No,Yes,No,No,Fall,Parking Lot,Afternoon,Pistol
Ranum High School,Unknown,0,0,-105.015495,39.841774,2003,Westminster,Colorado,Small Semi-Automatic Handgun,Unknown,14.0,M,Student,High School,02/05/2003,2024-05-16 08:40:00,No,No,No,No,Winter,Outside on School Property,Morning,Pistol
Cardozo High School,Unknown,0,1,-77.029756,38.922338,2003,Washington,District Of Columbia,Handgun,Unknown,15.0,M,Student,High School,04/01/2003,2024-05-16 12:15:00,No,No,Yes,No,Spring,Hallway,Afternoon,Pistol
Red Lion Area Junior High School,W,1,0,-76.609728,39.893809,2003,Red Lion,Pennsylvania,".44-Caliber Handgun, .22-Caliber Gun To Kill Himself",Stepfather,14.0,M,Student,Middle School,04/24/2003,2024-05-16 07:34:00,No,No,No,No,Spring,Cafeteria,Morning,Pistol
Vicksburg High School,Unknown,1,0,-90.885251,32.323263,2003,Vicksburg,Mississippi,Handgun,Unknown,20.0,M,Unknown,High School,09/10/2003,2024-05-16 14:30:00,No,No,No,No,Fall,Football Field/Track,Afternoon,Pistol
Rocori High School,W,2,0,-94.426618,45.466258,2003,Cold Spring,Minnesota,.22 Caliber Pistol,Father,15.0,M,Student,High School,09/24/2003,2024-05-16 11:38:00,Yes,No,No,No,Fall,Gym,Morning,Pistol
Burns Middle School,Unknown,0,0,-81.539104,35.425762,2003,Lawndale,North Carolina,9Mm Handgun,Unknown,13.0,M,Student,Middle School,09/25/2003,2024-05-16 08:00:00,No,Unknown,No,Unknown,Fall,Hallway,Morning,Pistol
Rio Cazadero High School,Unknown,0,2,-121.435306,38.469639,2003,Sacramento,California,Officer Weapons,Police,,M,Multiple Officers,High School,10/01/2003,2024-05-16 09:00:00,No,Yes,No,No,Fall,Classroom; Beside Building,Morning,Other
East Mecklenburg High School,Unknown,0,1,-80.756579,35.175976,2003,Charlotte,North Carolina,.25-Caliber Handgun,Unknown,15.0,M,Student,High School,11/13/2003,2024-05-16 11:45:00,No,No,No,No,Fall,Classroom,Morning,Pistol
Columbia High School,W,0,1,-73.690848,42.62068,2004,East Greenbush,New York,12-Gauge Winchester Shotgun,Unknown,16.0,M,Student,High School,02/09/2004,2024-05-16 10:30:00,No,No,No,Yes,Winter,Bathroom,Morning,Shotgun
Castlemont High School,Unknown,0,2,-122.16302,37.75982,2004,Oakland,California,Unknown,Unknown,,Unknown,Unknown,High School,06/09/2004,2024-05-16 12:22:00,No,No,Yes,No,Summer,Front of School,Afternoon,Unknown
Proviso East High School,B,1,0,-87.83382,41.88062,2004,Maywood,Illinois,Handgun,Unknown,,M,None,High School,08/30/2004,2024-05-16 14:30:00,No,No,Yes,No,Summer,Parking Lot,Afternoon,Pistol
Wirt High School,Unknown,0,0,-87.26145,41.60997,2004,Gary,Indiana,Handgun,Unknown,,M,Student,High School,03/03/1989,2024-05-16 12:09:00,No,No,No,No,Spring,Beside Building,Afternoon,Pistol
Thurgood Marshall High School,Unknown,0,2,-76.54552,39.31911,2004,Baltimore,Maryland,Handgun,Unknown,16.0,M,Student,High School,10/21/2004,2024-05-16 16:00:00,No,No,No,No,Fall,Courtyard,Afternoon,Pistol
Booker T. Washington High School,Unknown,0,1,-90.08893,29.94966,2004,New Orleans,Louisiana,.38-Caliber Revolver,Department Issued,28.0,F,Security Guard,High School,02/19/1991,2024-05-16 13:00:00,No,No,No,No,Winter,Outside on School Property,Afternoon,Pistol
Booker T. Washington High School,Unknown,0,1,-90.08925,29.94991,2023,New Orleans,Louisiana,Unknown,Unknown,,Unknown,Unknown,High School,02/19/1991,2024-05-16 13:00:00,No,No,No,No,Winter,Outside on School Property,Afternoon,Unknown
Woodruff High School,B,0,0,-89.57513,40.70725,2005,Peoria,Illinois,Handgun,Unknown,15.0,M,Student,High School,01/26/2005,,No,No,No,No,Winter,Hallway,Unknown,Pistol
Bowen High School,Unknown,0,1,-87.557742,41.73354,2005,Chicago,Illinois,Unknown,Unknown,,Unknown,Unknown,High School,02/08/2005,2024-05-16 14:32:00,Unknown,No,No,No,Winter,Beside Building,Afternoon,Unknown
Maplewood Comprehensive High School,Unknown,0,1,-86.74568,36.22912,2005,Nashville,Tennessee,Handgun,Unknown,16.0,M,Former Student (Expelled),High School,03/09/2005,2024-05-16 14:00:00,No,No,No,No,Spring,Parking Lot,Afternoon,Pistol
Canton High School,W,0,1,-95.86617,32.54958,2005,Canton,Texas,.45-Caliber Pistol,Legally Purchased By Shooter,45.0,M,Father Of Football Player,High School,04/07/2005,2024-05-16 09:15:00,No,No,No,No,Spring,Office,Morning,Pistol
Highland Elementary School,Unknown,1,0,-76.95256,40.21999,2005,Lower Allen Township,Pennsylvania,9 Mm Semiautomatic Handgun,Unknown,47.0,M,Dating Mother Of Student,Elementary School,05/17/2005,2024-05-16 15:00:00,No,Yes,No,No,Spring,Parking Lot,Afternoon,Pistol
Sojourner Truth High School,Unknown,0,1,-81.61618,30.27037,2005,Jacksonville,Florida,Handgun,Unknown,,M,Unknown,High School,09/02/2005,2024-05-16 12:50:00,Unknown,No,No,No,Fall,Beside Building,Afternoon,Pistol
Harlan Community Academy High School,Unknown,0,1,-87.62085,41.7184,2005,Chicago,Illinois,.25-Caliber Handgun,Unknown,15.0,M,Student,High School,09/13/2005,2024-05-16 14:20:00,Unknown,No,No,No,Fall,Hallway,Afternoon,Pistol
Farmington High School,W,0,0,-90.43619,37.78108,2005,Farmington,Missouri,Single-Shot Shotgun,Father,17.0,M,Student,High School,10/11/2005,2024-05-16 08:00:00,Unknown,Unknown,No,No,Fall,Bathroom,Morning,Shotgun
Saginaw High School,Unknown,0,1,-83.92541,43.40713,2005,Saginaw,Michigan,.380-Caliber Handgun,Stolen,15.0,M,Student,High School,09/15/1972,,Unknown,Unknown,Unknown,No,Fall,Hallway,Unknown,Pistol
Central High School,Unknown,0,1,-83.11269,42.38469,2005,Detroit,Michigan,Unknown,Unknown,18.0,M,Unknown,High School,10/22/1984,2024-05-16 13:25:00,No,No,No,No,Fall,Hallway,Afternoon,Unknown
Central High School,Unknown,0,2,-83.1115,42.3837,2009,Detroit,Michigan,Handgun,Unknown,17.0,M,Non-Student,High School,10/22/1984,2024-05-16 13:25:00,No,No,No,No,Fall,Hallway,Afternoon,Pistol
Milwee Middle School,W,1,0,-81.34669,28.68172,2006,Longwood,Florida,High-Powered Rifle,Police Issued,,M,Swat Officer,Middle School,01/13/2006,2024-05-16 09:30:00,No,No,No,No,Winter,Classroom,Morning,Rifle
Indian River High School,Unknown,0,0,-76.24185,36.79721,2006,Chesapeake,Virginia,Unknown,Unknown,19.0,M,Unknown,High School,01/18/2006,2024-05-16 11:00:00,No,No,No,No,Winter,Cafeteria,Morning,Unknown
Will C. Wood High School,Unknown,0,1,-121.97421,38.34635,2006,Vacaville,California,Small Revolver,Unknown,14.0,M,Student,High School,01/23/2006,2024-05-16 09:45:00,No,No,No,No,Winter,Gym,Morning,Pistol
Lakeview Centennial High School,Unknown,0,2,-96.57589,32.85566,2006,Garland,Texas,Small-Caliber Semiautomatic Handgun,Unknown,16.0,M,Student,High School,10/14/1997,,No,No,No,No,Fall,Bathroom,Unknown,Pistol
Westinghouse High School,Unknown,0,1,-79.90059,40.4607,2006,Pittsburgh,Pennsylvania,Ak-47,Unknown,23.0,M,Unknown,High School,02/21/2006,2024-05-16 07:45:00,No,No,Unknown,No,Winter,Front of School,Morning,Other
Roseburg High School,W,0,1,-123.34712,43.208,2006,Roseburg,Oregon,Large-Caliber Handgun With Hollow-Point Bullets,Unknown,14.0,M,Student,High School,02/23/2006,2024-05-16 07:45:00,Yes,No,No,No,Winter,Hallway,Morning,Pistol
Pine Middle School,W,0,2,-119.78186,39.47981,2006,Reno,Nevada,.38-Caliber Pistol,Father,14.0,M,Student,Middle School,03/14/2006,2024-05-16 09:00:00,Yes,No,No,Yes,Spring,Classroom,Morning,Pistol
Venice High School,B,1,0,-118.44282,33.99881,2006,Los Angeles,California,Handgun,Unknown,21.0,M,Unknown,High School,05/29/1992,,No,No,Yes,No,Spring,Front of School,Unknown,Pistol
Orange High School,H,0,2,-79.09337,36.09233,2006,Hillsborough,North Carolina,"9 Mm Rifle, A Mossburg 12-Gauge Sawed-Off Shotgun",Unknown,19.0,M,Former Student,High School,08/30/2006,2024-05-16 13:00:00,No,No,No,Yes,Summer,Parking Lot,Afternoon,Rifle
South Hills High School,Unknown,0,1,-97.36,32.65726,2006,Fort Worth,Texas,Handgun,Police Issued Weapon,,M,Resource Officer,High School,09/08/2006,2024-05-16 13:20:00,Unknown,Unknown,Unknown,Unknown,Fall,Field (General),Afternoon,Pistol
Platte Canyon High School,W,1,0,-105.64543,39.45566,2006,Bailey,Colorado,".40 S&W Caliber Glock 22 Pistol, Smith & Wesson .357-Caliber Revolver",Unknown,53.0,M,Unknown,High School,09/27/2006,2024-05-16 11:40:00,No,No,No,No,Fall,Classroom,Morning,Pistol
Weston High School,W,1,0,-90.19016,43.48211,2006,Cazenovia,Wisconsin,"Long-Barrel Shotgun, 22-Pistol",Father,15.0,M,Student,High School,09/29/2006,2024-05-16 08:10:00,Yes,No,No,Yes,Fall,Entryway,Morning,Pistol
Memorial Middle School,W,0,0,-94.51586,37.08277,2006,Joplin,Missouri,Mac 90 7.26 Mm Assault Rifle,Parent,13.0,M,Student,Middle School,10/09/2006,2024-05-16 07:45:00,No,No,No,Yes,Fall,Hallway,Morning,Rifle
Henry Foss High School,Unknown,1,0,-122.49364,47.24114,2007,Tacoma,Washington,Handgun,Unknown,18.0,M,Student,High School,01/03/2007,2024-05-16 07:30:00,No,No,No,No,Winter,Hallway,Morning,Pistol
Robert A. Taft Information Technology High School,Unknown,0,0,-84.52183,39.10911,2007,Cincinnati,Ohio,Unknown,Unknown,16.0,M,Student,High School,01/08/2007,2024-05-16 10:45:00,Unknown,No,No,No,Winter,Hallway,Morning,Unknown
William L.Sayre High School,Unknown,0,1,-75.2374,39.95793,2007,Philadelphia,Pennsylvania,9 Mm Semi-Automatic Ruger,Unknown,,M,Unknown,High School,01/18/2007,2024-05-16 08:25:00,No,No,No,No,Winter,Beside Building,Morning,Other
Herbert Henry Dow High School,W,0,1,-84.27414,43.64091,2007,Midland,Michigan,.44 Caliber Handgun,Unknown,17.0,M,Girlfriend Was Student,High School,03/07/2007,2024-05-16 10:57:00,No,Yes,No,No,Spring,Parking Lot,Morning,Pistol
Chicago Vocational Career Academy,Unknown,0,1,-87.57236,41.7372,2007,Chicago,Illinois,9Mm Handgun,Unknown,15.0,M,Student,Other,04/10/2007,2024-05-16 14:15:00,No,No,No,No,Spring,Classroom,Afternoon,Pistol
Springwater Trail High School,Unknown,0,10,-122.40894,45.48655,2007,Gresham,Oregon,.270 Winchester Rifle With Scope,Stepfather,15.0,M,Student,High School,04/10/2007,2024-05-16 14:15:00,No,No,No,Yes,Spring,Classroom; Field,Afternoon,Rifle
Liberty Memorial Middle School,Unknown,0,0,-97.5108,26.1106,2007,Los Fresnos,Texas,.38 Semiautomatic Handgun,Father,14.0,M,Student,Middle School,05/15/2007,2024-05-16 10:02:00,Unknown,No,No,No,Spring,Bathroom,Morning,Pistol
Hamilton High School,Unknown,0,1,-90.0174,35.10069,2008,Memphis,Tennessee,380-Caliber Handgun,Unknown,16.0,M,Student,High School,02/05/1982,,No,No,No,No,Winter,Gym,Unknown,Pistol
Mitchell High School,Unknown,0,1,-90.08589,35.05595,2008,Memphis,Tennessee,.22-Caliber Pistol,Purchased From Someone In Apartment Complex,17.0,M,Student,High School,02/11/2008,2024-05-16 09:00:00,Unknown,No,No,No,Winter,Classroom,Morning,Pistol
Roosevelt High School,Unknown,1,0,-119.7537,36.74302,2008,Fresno,California,Pistol,Department Issued,38.0,M,Resource Officer,High School,04/16/2008,2024-05-16 11:54:00,Unknown,Unknown,Unknown,Unknown,Spring,Outside on School Property,Morning,Pistol
Central High School,Unknown,1,0,-83.9216,36.0392,2008,Knoxville,Tennessee,"Small-Caliber, Semiautomatic Pistol",Unknown,15.0,M,Student,High School,08/21/2008,2024-05-16 08:11:00,Yes,No,No,Yes,Fall,Cafeteria,Morning,Pistol
Dillard High School,B,1,0,-80.176,26.1383,2008,Fort Lauderdale,Florida,.22-Caliber Semi-Automatic Handgun,Family Member,15.0,F,Student,High School,03/28/1981,2024-05-16 21:00:00,No,No,No,No,Spring,Beside Building,Evening,Pistol
John Muir Elementary School,M,0,0,-122.083,37.6566,2009,Hayward,California,Shotgun,Unknown,,H,Unknown,Elementary School,02/20/2009,2024-05-16 12:00:00,No,No,Unknown,No,Winter,Beside Building,Afternoon,Shotgun
Ribault High School,Unknown,0,0,-81.707,30.3895,2009,Jacksonville,Florida,Unknown,Unknown,,Unknown,Unknown,High School,11/07/1997,2024-05-16 08:20:00,No,No,No,No,Fall,Beside Building,Morning,Unknown
Ribault High School,Unknown,0,1,-81.7073,30.3906,2020,Jacksonville,Florida,.380-Caliber Handgun,Unknown,18.0,Unknown,Unknown,High School,11/07/1997,2024-05-16 08:20:00,No,No,No,No,Fall,Beside Building,Morning,Pistol
Larose-Cut Off Middle School,Unknown,0,0,-90.3295,29.5004,2009,Larose,Louisiana,25-Caliber Nickel Plate Semi-Automatic,Father,15.0,M,Student,Middle School,05/18/2009,2024-05-16 09:00:00,Unknown,No,No,No,Spring,Classroom,Morning,Other
Stamford Academy,Unknown,0,0,-73.536464,41.059329,2009,Stamford,Connecticut,.22-Caliber Pistol,Unknown,16.0,M,Student,High,09/08/2009,2024-05-16 08:05:00,No,No,No,No,Fall,Parking Lot,Morning,Pistol
Virginia Randolph Community High School,Unknown,0,0,-77.483135,37.661586,2009,Glen Allen,Virginia,.40-Caliber Handgun,Unknown,16.0,M,Student,High School,09/16/2009,2024-05-16 12:30:00,Unknown,Unknown,No,No,Fall,Playground,Afternoon,Pistol
Mattituck Junior-Senior High School,Unknown,0,1,-72.529205,40.996241,2009,Mattituck,New York,22-Caliber Rifle,Mother,28.0,M,Unknown,High School,10/08/2009,2024-05-16 13:53:00,No,No,No,No,Fall,Classroom,Afternoon,Rifle
Carolina Forest High School,W,1,0,-78.97152,33.780761,2009,Conway,South Carolina,.40 Caliber Glock,Department Issued,,M,School Resource Officer,High School,10/16/2009,2024-05-16 08:25:00,Unknown,Unknown,Unknown,Unknown,Fall,Inside School Building,Morning,Pistol
Booker T. Washington High School,B,0,1,-93.77398,32.503605,2009,Shreveport,Louisiana,Handgun,Unknown,28.0,M,Ex-Boyfriend Of Student,High School,08/31/1984,,No,No,Yes,No,Summer,Football Field/Track,Unknown,Pistol
Discovery Middle School,A,1,0,-86.741148,34.740322,2010,Madison,Alabama,.22-Caliber Pistol,Friend'S Home,14.0,M,Student,Middle School,02/05/2010,2024-05-16 13:45:00,Unknown,No,Unknown,No,Winter,Hallway,Afternoon,Pistol
Deer Creek Middle School,W,0,2,-105.102,39.5869,2010,Littleton,Colorado,Hunting Rifle,Unknown,32.0,M,Unknown,Middle School,02/23/2010,2024-05-16 15:14:00,Unknown,No,No,No,Winter,Front of School,Afternoon,Rifle
Woodrow Wilson High School,B,0,0,-76.381349,36.815009,2010,Portsmouth,Virginia,Handgun,Unknown,15.0,M,Student,High School,04/28/2010,2024-05-16 12:15:00,Yes,No,No,No,Spring,Cafeteria,Afternoon,Pistol
South Gate High School,Unknown,0,1,-118.209757,33.954604,2010,South Gate,California,Unknown,Unknown,15.0,M,Student,High School,05/18/2010,2024-05-16 07:51:00,Unknown,Unknown,Unknown,No,Spring,Beside Building,Morning,Unknown
Sullivan Central High School,Unknown,1,0,-82.387049,36.531336,2010,Blountville,Tennessee,Handgun,Department Issued,,Unknown,Police Officer,High School,08/30/2010,2024-05-16 09:16:00,No,No,No,Unknown,Summer,Hallway,Morning,Pistol
Socastee High School,W,0,1,-79.004328,33.6788,2010,Conway,South Carolina,Revolver,Parent,14.0,M,Student,High School,09/21/2010,2024-05-16 14:00:00,Yes,No,No,Yes,Fall,Office,Afternoon,Pistol
Alisal High School,Unknown,1,0,-121.595961,36.686184,2010,Salinas,California,Unknown,Unknown,,M,Unknown,High School,10/01/2010,2024-05-16 07:53:00,Unknown,No,Yes,No,Fall,Beside Building,Morning,Unknown
Kelly Elementary School,W,0,2,-117.311227,33.14836,2010,Carlsbad,California,.357-Caliber Magnum Revolver,Unknown,41.0,M,None,Elementary School,10/08/2010,2024-05-16 12:00:00,No,No,No,No,Fall,Playground,Afternoon,Pistol
Marinette High School,W,0,0,-87.629512,45.084351,2010,Marinette,Wisconsin,Handgun,Unknown,15.0,M,Student,High School,11/29/2010,2024-05-16 19:30:00,No,No,No,No,Fall,Classroom,Evening,Pistol
Millard South High School,B,1,2,-96.146049,41.203481,2011,Omaha,Nebraska,Glock .40-Caliber S&W Pistol,Father,17.0,M,Student,High School,01/05/2011,2024-05-16 12:45:00,No,No,No,No,Winter,Office,Afternoon,Pistol
Louisiana Schnell Elementary School,W,1,0,-120.779419,38.735106,2011,Placerville,California,.357-Caliber Revolver,Legally Purchased By Shooter,44.0,M,Janitor,Elementary School,02/02/2011,2024-05-16 10:37:00,No,No,No,No,Winter,Office,Morning,Pistol
Sheeler Charter High School,B,0,1,-81.494124,28.673157,2011,Apopka,Florida,Unknown,Unknown,17.0,M,Unknown,High School,04/13/2011,2024-05-16 12:00:00,No,No,No,No,Spring,Parking Lot,Afternoon,Unknown
Cape Fear High School,Unknown,0,1,-78.762384,35.034044,2011,Fayetteville,North Carolina,.22-Caliber Daisy Rifle,Unknown,15.0,M,Student,High School,10/24/2011,2024-05-16 13:00:00,No,No,No,No,Fall,Beside Building,Afternoon,Rifle
Cummings Middle School,Unknown,1,0,-97.493734,25.913899,2012,Brownsville,Texas,Unknown,Department Issued,,M,Police Officer,Middle School,01/04/2012,2024-05-16 08:00:00,Unknown,Unknown,Unknown,Unknown,Winter,Hallway,Morning,Unknown
North Forest High School,Unknown,0,1,-95.26259,29.868788,2012,Houston,Texas,Handgun,Unknown,18.0,M,Student,High School,11/25/2008,2024-05-16 21:45:00,No,No,No,No,Fall,Beside Building,Evening,Pistol
North Forest High School,Unknown,0,1,-95.259744,29.867029,2021,Houston,Texas,Unknown,Unknown,,Unknown,Unknown,High School,11/25/2008,2024-05-16 21:45:00,No,No,No,No,Fall,Beside Building,Evening,Unknown
Walpole Elementary School,Unknown,0,0,-72.426439,43.078915,2012,Walpole,New Hampshire,20-Gauge Shotgun,Unknown,14.0,M,Student,Elementary School,02/10/2012,2024-05-16 11:00:00,Unknown,No,No,No,Winter,Cafeteria,Morning,Shotgun
Armin Jahr Elementary School,W,0,1,-122.63622,47.593761,2012,Bremerton,Washington,.45 Caliber Handgun,Mother,9.0,M,Student,Elementary School,02/22/2012,2024-05-16 13:30:00,Yes,No,No,No,Winter,Hallway,Afternoon,Pistol
Chardon High School,W,3,3,-81.199958,41.591297,2012,Chardon,Ohio,Ruger Mk Iii .22 Caliber Semi-Automatic Handgun,Uncle,17.0,M,"Student At Neighboring School, Rode Bus With Some Victims",High School,02/27/2012,2024-05-16 07:30:00,No,No,No,Yes,Winter,Cafeteria,Morning,Pistol
Mary Scroggs Elementary School,Unknown,1,0,-79.068506,35.879122,2012,Chapel Hill,North Carolina,Charter Arms .44 Bulldog Revolver,Unknown,49.0,M,Parent Of Students,Elementary School,05/25/2012,2024-05-16 14:04:00,No,Yes,No,No,Spring,Parking Lot,Afternoon,Pistol
Normal Community High School,W,0,0,-88.914486,40.533285,2012,Normal,Illinois,.22-Caliber Ruger Pistol,Unknown,14.0,M,Student,High School,09/07/2012,2024-05-16 08:00:00,Yes,No,No,Yes,Fall,Classroom,Morning,Pistol
Sandy Hook Elementary School,W,26,2,-73.277751,41.41978,2012,Newtown,Connecticut,Bushmaster Xm15-E2S Rifle,Mother,20.0,M,Former Student,Elementary School,12/14/2012,2024-05-16 09:35:00,Unknown,No,No,Yes,Winter,Classroom,Morning,Rifle
Taft Union High School,W,0,2,-119.460383,35.146256,2013,Taft,California,12-Gauge Shotgun,Older Brother,16.0,M,Student,High School,01/10/2013,2024-05-16 09:00:00,Yes,No,No,Yes,Winter,Hallway,Morning,Shotgun
Price Middle School,Unknown,0,1,-84.387442,33.708772,2013,Atlanta,Georgia,Small-Caliber Handgun,Unknown,15.0,M,Student,Middle School,01/31/2013,2024-05-16 13:50:00,No,No,Yes,No,Winter,Hallway,Afternoon,Pistol
La Salle High School,Unknown,0,0,-84.586704,39.189162,2013,Cincinnati,Ohio,.45-Caliber Semi-Automatic Handgun,Family Member,17.0,M,Student,High School,04/29/2013,2024-05-16 08:00:00,Unknown,No,No,No,Spring,Classroom,Morning,Pistol
Redland Middle School,Unknown,0,1,-80.453001,25.5369,2013,Homestead,Florida,.38 Caliber Handgun,Unknown,11.0,M,Student,Middle School,05/23/2013,2024-05-16 14:40:00,No,No,No,No,Spring,Classroom,Afternoon,Pistol
Carver High School,B,0,1,-80.2066,36.1343,2013,Winston-Salem,North Carolina,.38 Caliber Handgun,Unknown,18.0,M,Student,High School,08/30/2013,2024-05-16 14:25:00,Yes,No,No,No,Summer,Beside Building,Afternoon,Pistol
Agape Christian Academy,Unknown,0,2,-81.475051,28.57586,2013,Pine Hills,Florida,Unknown,Unknown,,Unknown,None,K-12,10/04/2013,2024-05-16 14:00:00,No,No,Yes,No,Fall,Football Field/Track,Afternoon,Unknown
Lanier High School,H,0,0,-97.708,30.3606,2013,Austin,Texas,Handgun,Unknown,16.0,M,Student,High School,10/15/2013,2024-05-16 12:04:00,No,No,No,No,Fall,Courtyard,Afternoon,Pistol
Sparks Middle School,H,1,2,-119.7694,39.5517,2013,Sparks,Nevada,Ruger Sr9C Semi-Automatic Handgun (9Mm),Father,12.0,M,Student,Middle School,10/21/2013,2024-05-16 07:15:00,Yes,No,No,Unknown,Fall,Beside Building,Morning,Pistol
Newman Elementary School,Unknown,0,3,-117.7144,34.0271,2013,Chino,California,Ar-15,Police Weapon,8.0,M,Student,Elementary School,10/23/2013,2024-05-16 11:14:00,No,No,No,No,Fall,Front of School,Morning,Other
West Orange High School,B,0,1,-81.5673,28.5428,2013,Winter Garden,Florida,Unknown,Unknown,17.0,M,Student,High School,12/12/1977,2024-05-16 16:00:00,No,No,No,No,Winter,Office,Afternoon,Unknown
Arapahoe High School,W,1,0,-104.9628,39.5817,2013,Centennial,Colorado,Savage Arms Stevens Model 320 Pump-Action Shotgun,Legally Purchased By Shooter At Cabela'S,18.0,M,Student,High School,12/13/2013,2024-05-16 00:00:00,Yes,No,No,Yes,Winter,Other,Unknown,Shotgun
Liberty Technology Magnet High School,B,0,1,-88.7593,35.675,2014,Jackson,Tennessee,Handgun,Unknown,16.0,M,Student,High School,01/09/2014,2024-05-16 14:21:00,No,No,No,No,Winter,Parking Lot,Afternoon,Pistol
Berrendo Middle School,W,0,3,-104.5115,33.4736,2014,Roswell,New Mexico,Shotgun,Unknown,12.0,M,Student,Middle School,01/14/2014,2024-05-16 07:30:00,Yes,No,No,Yes,Winter,Gym,Morning,Shotgun
King Elementary School,Unknown,0,0,-76.2998,40.0344,2014,Lancaster,Pennsylvania,Handgun,Unknown,,Unknown,Unknown,Elementary School,01/14/2014,2024-05-16 14:48:00,Unknown,No,Unknown,No,Winter,Playground,Afternoon,Pistol
Delaware Valley Charter School,B,0,2,-75.1446,40.0331,2014,Philadelphia,Pennsylvania,Handgun,Purchased From Friend,17.0,M,Student,High,01/17/2014,2024-05-16 15:30:00,No,No,No,No,Winter,Gym,Afternoon,Pistol
Rebound High School,B,0,1,-89.227812,37.727439,2014,Carbondale,Illinois,Handgun,Unknown,18.0,M,Student,High School,01/27/2014,2024-05-16 12:00:00,Unknown,No,No,No,Winter,Parking Lot,Afternoon,Pistol
President Theodore Roosevelt High,Unknown,0,1,-157.8372,21.3104,2014,Honolulu,Hawaii,Unknown,Department Issued,,Unknown,Police Officer,High,01/28/2014,2024-05-16 08:30:00,Unknown,Unknown,Unknown,Unknown,Winter,Office,Morning,Unknown
Bend High School,Unknown,0,0,-121.2959,44.0523,2014,Bend,Oregon,Hunting Rifle,Legally Owned By Shooter,17.0,M,Student,High School,02/07/2014,2024-05-16 12:00:00,No,No,No,No,Winter,Classroom,Afternoon,Rifle
Salisbury High School,B,0,1,-80.4849,35.6648,2014,Salisbury,North Carolina,9Mm Gun (Type Unknown),Unknown,17.0,M,Unknown,High School,02/10/2014,2024-05-16 00:00:00,No,No,No,No,Winter,Beside Building,Unknown,Unknown
Benjamin Banneker High School,Unknown,0,0,-84.5176,33.593,2014,College Park,Georgia,Unknown,Unknown,,Unknown,Unknown,High School,03/25/2014,2024-05-16 13:00:00,No,No,No,No,Spring,Parking Lot,Afternoon,Unknown
Benjamin Banneker High School,Unknown,0,2,-84.5176,33.59297,2017,College Park,Georgia,Small-Caliber Handgun,Unknown,,Unknown,Unknown,High School,03/25/2014,2024-05-16 13:00:00,No,No,No,No,Spring,Parking Lot,Afternoon,Pistol
Reynolds High School,W,1,1,-122.4026,45.5285,2014,Troutdale,Oregon,M4 Ar-15 Rifle,Brother,15.0,M,Student,High School,06/10/2014,2024-05-16 08:07:00,No,Unknown,No,Yes,Summer,Gym,Morning,Rifle
Stellar Leadership Academy,Unknown,0,1,-80.243461,25.84814,2014,Miami,Florida,Unknown,Unknown,,Unknown,Unknown,High,09/09/2014,,No,No,No,No,Fall,Beside Building,Unknown,Unknown
Albemarle High School,Unknown,0,1,-80.193152,35.371268,2014,Albemarle,North Carolina,Handgun,Unknown,15.0,M,Student,High School,09/30/2014,2024-05-16 07:40:00,No,No,No,No,Fall,Courtyard,Morning,Pistol
Marysville Pilchuck High School,N,4,1,-122.154021,48.09582,2014,Marysville,Washington,.40-Caliber Beretta Px4 Storm Handgun,Father,15.0,M,Student,High School,10/24/2014,2024-05-16 10:39:00,Yes,Yes,No,Yes,Fall,Cafeteria,Morning,Pistol
North Thurston High School,Unknown,0,0,-122.83241,47.051956,2015,Lacey,Washington,.357 Magnum,Father,16.0,M,Student,High School,04/27/2015,2024-05-16 07:24:00,Yes,No,No,Yes,Spring,Hallway,Morning,Other
Harrisburg High School,W,0,1,-96.6998,43.43212,2015,Harrisburg,South Dakota,Handgun,Unknown,16.0,M,Student,High School,09/30/2015,2024-05-16 10:00:00,No,No,No,Yes,Fall,Office,Morning,Pistol
Karen Wagner High School,B,0,0,-98.3578,29.45738,2015,San Antonio,Texas,Unknown,Unknown,22.0,F,Friend Of Student,High School,10/15/2015,2024-05-16 09:00:00,No,No,No,No,Fall,Parking Lot,Morning,Unknown
Vereen School,Unknown,0,0,-83.804368,31.175943,2015,Moultrie,Georgia,Semiautomatic Pistol,Department Issued,,M,Student,Other,11/05/2015,,No,No,No,No,Fall,Classroom,Unknown,Pistol
Benjamin Franklin High School,Unknown,0,0,-75.162,39.96367,2016,Philadelphia,Pennsylvania,.45-Caliber Handgun,Unknown,16.0,M,Unknown,High School,01/29/2016,2024-05-16 12:00:00,No,No,No,No,Winter,Hallway,Afternoon,Pistol
Independence High School,Unknown,1,0,-112.221,33.53216,2016,Glendale,Arizona,9Mm Beretta Pistol,"Classmate, Who Took From Parents",15.0,F,Student,High School,02/12/2016,2024-05-16 07:53:00,No,Yes,No,No,Winter,Courtyard,Morning,Pistol
Madison High School,W,0,4,-84.4433,39.53385,2016,Middletown,Ohio,Sig Sauer P238,Family Home,14.0,M,Student,High School,02/29/2016,2024-05-16 11:15:00,No,No,No,Yes,Winter,Cafeteria,Morning,Other
Huffman High School,B,0,1,-86.682,33.61291,2016,Birmingham,Alabama,Unknown,Unknown,19.0,M,Brother Of Student,High School,08/03/2004,2024-05-16 08:45:00,No,No,No,No,Summer,Parking Lot,Morning,Unknown
Alpine High School,Unknown,0,1,-103.665798,30.371983,2016,Alpine,Texas,9-Mm. Semi-Automatic Handgun,Unknown,14.0,F,Student,High School,09/08/2016,2024-05-16 09:00:00,No,Yes,No,No,Fall,Bathroom,Morning,Pistol
Townville Elementary School,W,1,2,-82.903471,34.56311,2016,Townville,South Carolina,.40 Caliber Pistol,Father,14.0,M,Former Student,Elementary School,09/28/2016,2024-05-16 13:45:00,Yes,No,No,Yes,Fall,Playground,Afternoon,Pistol
Union Middle School,Unknown,0,1,-111.873061,40.60715,2016,Sandy,Utah,Unknown,Mother,14.0,M,Student,Middle School,10/25/2016,2024-05-16 15:00:00,No,No,No,No,Fall,Beside Building,Afternoon,Unknown
Bay City Western High School,W,0,1,-84.0783,43.60478,2016,Auburn,Michigan,.380-Caliber Sig Sauer Pistol,Legally Purchased By Shooter,50.0,M,Resource Officer,High School,11/11/2016,2024-05-16 12:30:00,No,No,No,No,Fall,Office,Afternoon,Pistol
Scotlandville Magnet High School,Unknown,0,0,-91.177851,30.53365,2017,Baton Rouge,Louisiana,Handgun,Unknown,14.0,M,Student,High School,02/06/2017,2024-05-16 12:00:00,Unknown,Unknown,No,No,Winter,Outside on School Property,Afternoon,Pistol
Robert E. Lee High School,M,0,1,-86.271649,32.378702,2017,Montgomery,Alabama,.40-Caliber Handgun,Unknown,16.0,M,Student,High School,11/24/1992,,No,No,No,No,Fall,Bathroom,Unknown,Pistol
North Park Elementary School,B,2,1,-117.301804,34.179206,2017,San Bernardino,California,Smith & Wesson .357 Magnum Revolver,Unknown,53.0,M,Husband Of Teacher,Elementary School,04/10/2017,2024-05-16 10:30:00,No,Yes,No,No,Spring,Classroom,Morning,Pistol
Moss Bluff Elementary School,W,0,1,-93.2032,30.29966,2017,Lake Charles,Louisiana,.380 Caliber Semi-Automatic Handgun,"Father'S Gun, Kept By 17 Year Old Who Shared Room With Shooter",7.0,M,Student,Elementary School,05/15/2017,2024-05-16 07:50:00,No,No,No,No,Spring,Inside School Building,Morning,Pistol
Greensboro High School,Unknown,0,0,-87.589,32.70713,2017,Greensboro,Alabama,.22 Caliber Revolver,Unknown,,M,Student,High School,05/24/2017,2024-05-16 11:30:00,Unknown,Unknown,No,No,Spring,Front of School,Morning,Pistol
Warren Elementary School,B,0,2,-87.575184,41.726922,2017,Chicago,Illinois,Unknown,Unknown,,M,Unknown,Elementary School,06/16/2017,2024-05-16 13:51:00,No,No,Yes,No,Summer,Field (General),Afternoon,Unknown
Columbus Scioto 6-12,B,0,0,-82.9958,39.90163,2017,Columbus,Ohio,.38-Caliber Handgun,Unknown,18.0,M,Unknown,6-12,09/08/2017,2024-05-16 08:33:00,Unknown,Unknown,No,No,Fall,Hallway,Morning,Pistol
Freeman High School,W,1,3,-117.19638,47.519667,2017,Rockford,Washington,"Ar-15, Pistol",Father,15.0,M,Student,High School,09/13/2017,2024-05-16 10:00:00,Yes,No,No,Yes,Fall,Hallway,Morning,Pistol
Mattoon High School,W,0,1,-88.386955,39.474405,2017,Mattoon,Illinois,.40-Caliber Ruger Semiautomatic Pistol,Stepfather,14.0,M,Student,High School,09/20/2017,2024-05-16 11:30:00,Yes,Yes,No,Yes,Fall,Cafeteria,Morning,Pistol
Pattengill Academy,B,0,1,-84.5243,42.73889,2017,Lansing,Michigan,Handgun,Puchased Legally By Shooter From Dicker & Deal,21.0,M,Unknown,Middle,11/03/2017,2024-05-16 16:30:00,No,No,Unknown,No,Fall,Parking Lot,Afternoon,Pistol
Aztec High School,W,2,0,-107.990379,36.820644,2017,Aztec,New Mexico,9Mm Glock,Legally Purchased By Shooter,21.0,M,Former Student,High School,12/07/2017,2024-05-16 08:04:00,Unknown,No,No,Yes,Winter,Classroom,Morning,Pistol
High Point Central High School,B,0,0,-80.0231,35.95795,2017,High Point,North Carolina,Handgun,Unknown,15.0,M,Unknown,High School,12/11/2017,2024-05-16 14:08:00,No,No,Yes,No,Winter,Cafeteria,Afternoon,Pistol
Italy High School,W,0,1,-96.878968,32.181129,2018,Italy,Texas,Semi-Automatic .380 Caliber Handgun,Unknown,16.0,M,Student,High School,01/22/2018,2024-05-16 07:53:00,No,Yes,No,Yes,Winter,Cafeteria,Morning,Pistol
Marshall County High School,W,2,14,-88.332917,36.912835,2018,Benton,Kentucky,Handgun,Stepfather'S Bedroom,15.0,M,Student,High School,01/23/2018,2024-05-16 07:57:00,Unknown,No,No,Yes,Winter,Hallway,Morning,Pistol
Murphy High School,B,0,0,-88.0867,30.6828,2018,Mobile,Alabama,Revolver,Stolen,16.0,M,Student,High School,01/25/2018,2024-05-16 11:20:00,Unknown,No,No,No,Winter,Beside Building,Morning,Pistol
Salvador B. Castro Middle School,Unknown,0,5,-118.265,34.06169,2018,Los Angeles,California,Semi-Automatic Handgun,Unknown,12.0,F,Student,Middle School,02/01/2018,2024-05-16 08:55:00,Yes,No,No,No,Winter,Classroom,Morning,Pistol
Marjory Stoneman Douglas High School,W,17,17,-80.269365,26.304483,2018,Parkland,Florida,Smith & Wesson M&P15,Legally Purchased By Shooter,19.0,M,Former Student (Expelled),High School,02/14/2018,2024-05-16 14:21:00,No,No,No,Yes,Winter,Hallway,Afternoon,Other
Dalton High School,W,0,0,-84.99053,34.77972,2018,Dalton,Georgia,.38-Caliber Snub-Nosed Revolver,Unknown,53.0,M,Teacher,High School,02/28/2018,2024-05-16 11:30:00,No,No,No,No,Winter,Classroom,Morning,Pistol
Seaside High School,W,0,3,-121.838,36.62444,2018,Seaside,California,Glock 21 .45-Caliber Handgun,Department Issued,,M,Teacher,High School,03/13/2018,2024-05-16 13:20:00,No,No,No,No,Spring,Classroom,Afternoon,Pistol
Big Sky High School,Unknown,0,0,-114.057737,46.850867,2018,Missoula,Montana,Pistol,Department Issued,,M,Resource Officer,High School,03/16/2018,2024-05-16 12:45:00,Unknown,Unknown,Unknown,Unknown,Spring,Parking Lot,Afternoon,Pistol
Douglass Park Elementary School,Unknown,0,1,-76.3393,36.81828,2018,Portsmouth,Virginia,Unknown,Unknown,,Unknown,Unknown,Elementary School,03/19/2018,2024-05-16 16:23:00,No,No,No,No,Spring,Parking Lot,Afternoon,Unknown
Great Mills High School,W,1,1,-76.4875,38.24743,2018,Great Mills,Maryland,Glock Semi-Automatic Handgun,Father,17.0,M,Student,High School,03/20/2018,2024-05-16 07:55:00,No,Yes,No,No,Spring,Hallway,Morning,Pistol
Jackson High School,Unknown,0,0,-84.4185,42.2499,2018,Jackson,Michigan,Handgun,Unknown,,Unknown,Unknown,High School,04/19/2018,2024-05-16 13:44:00,No,No,Unknown,No,Spring,Off School Property,Afternoon,Pistol
Forest High School,Unknown,0,1,-82.066682,29.14362,2018,Ocala,Florida,Shotgun,Unknown,19.0,M,Former Student,High School,04/20/2018,2024-05-16 08:39:00,No,No,No,Yes,Spring,Classroom,Morning,Shotgun
Highland High School,H,0,1,-106.592413,35.074841,2018,Albuquerque,New Mexico,Handgun,Owner'S Gun,,M,Father Of Student,High School,04/25/2018,2024-05-16 14:30:00,No,No,No,No,Spring,Front of School,Afternoon,Pistol
Highland High School,Unknown,0,1,-118.175561,34.591755,2018,Palmdale,California,Rifle,Unknown,14.0,M,Student,High School,05/11/2018,2024-05-16 07:05:00,Unknown,No,No,No,Spring,Bathroom,Morning,Rifle
Dixon High School,W,0,0,-89.488508,41.847128,2018,Dixon,Illinois,Rifle,Mother,19.0,M,Student,High School,05/16/2018,2024-05-16 08:00:00,Yes,No,No,Unknown,Spring,Gym,Morning,Rifle
Santa Fe High School,W,10,13,-95.143149,29.393257,2018,Santa Fe,Texas,Remington 870 Shotgun And A .38-Caliber Revolver,Unknown,17.0,M,Student,High School,05/18/2018,2024-05-16 07:45:00,Yes,No,No,Yes,Spring,Classroom,Morning,Pistol
Noblesville West Middle School,Unknown,0,2,-86.029001,40.07825,2018,Noblesville,Indiana,".22 Caliber Gun, .45 Caliber Gun",Unknown,13.0,M,Student,Middle School,05/25/2018,2024-05-16 09:00:00,No,No,No,No,Spring,Classroom,Morning,Other
Villa Heights Elementary School,B,0,0,-80.812768,35.236843,2018,Charlotte,North Carolina,.45 Caliber Pistol,Stolen,34.0,M,Former Boyfriend Of Student'S Mother,Elementary School,08/30/2018,2024-05-16 08:30:00,No,Yes,No,No,Summer,Parking Lot,Morning,Pistol
Lawrence Orr Elementary School,B,0,0,-80.743914,35.225991,2018,Charlotte,North Carolina,Unknown,Unknown,24.0,M,Unknown,Elementary School,09/24/2018,2024-05-16 09:00:00,No,Unknown,Unknown,No,Fall,Parking Lot,Morning,Unknown
Denali Montessori Elementary School,B,0,1,-149.881113,61.213281,2018,Anchorage,Alaska,Sig Sauer .40 Caliber Handgun,Unknown,26.0,M,Boyfriend Of Parent,Elementary School,10/03/2018,2024-05-16 10:00:00,No,Yes,No,No,Fall,Front of School,Morning,Pistol
Battle Creek Academy,Unknown,0,0,-85.207497,42.33419,2018,Battle Creek,Michigan,Unknown,Unknown,,Unknown,Unknown,Elementary,10/12/2018,2024-05-16 13:00:00,No,No,Unknown,No,Fall,Off School Property,Afternoon,Unknown
Butler High School,B,1,0,-80.6916,35.1203,2018,Matthews,North Carolina,.380 Pistol,Stolen,16.0,M,Student,High School,10/29/2018,2024-05-16 07:15:00,Yes,No,No,No,Fall,Hallway,Morning,Pistol
Simonsdale Elementary School,B,0,1,-76.36628,36.82682,2018,Portsmouth,Virginia,Handgun,Unknown,29.0,M,Parent Of Student,Elementary School,11/20/2018,2024-05-16 16:00:00,No,No,No,No,Fall,Hallway,Afternoon,Pistol
Dennis Intermediate School,Unknown,0,0,-84.9114,39.832,2018,Richmond,Indiana,Handgun And A Rifle,Unknown,14.0,M,Student,Middle,12/13/2018,2024-05-16 08:00:00,Yes,No,No,Yes,Winter,Hallway,Morning,Rifle
Cascade Middle School,Unknown,0,0,-123.1667,44.0788,2019,Eugene,Oregon,Handgun,Unknown,30.0,M,Father Of Student,Middle School,01/11/2019,2024-05-16 10:27:00,No,No,No,No,Winter,Front of School,Morning,Pistol
Frederick Douglass High School,Unknown,0,1,-76.6549,39.3148,2019,Baltimore,Maryland,Smith And Wesson .40 Caliber Gun,Unknown,25.0,M,Brother Of Student,High School,10/29/1971,2024-05-16 15:00:00,No,No,No,No,Fall,Parking Lot,Afternoon,Other
V. Sue Cleveland High School,Unknown,0,0,-106.641929,35.312773,2019,Rio Rancho,New Mexico,.45 Caliber Handgun,Unknown,16.0,M,Student,High School,02/14/2019,2024-05-16 07:00:00,Unknown,Yes,Unknown,Yes,Winter,Hallway,Morning,Pistol
Highlands Elementary School,W,0,0,-94.6409,39.0168,2019,Mission,Kansas,Handgun,Unknown,26.0,M,Neighbor Of School,Elementary School,03/01/2019,2024-05-16 13:30:00,No,No,No,No,Spring,Off School Property,Afternoon,Pistol
Blountsville Elementary School,W,0,1,-86.586,34.0847,2019,Blountsville,Alabama,Taurus .380 Pistol,Legally Purchased By Shooter,72.0,M,Substitute Teacher,Elementary School,03/22/2019,2024-05-16 11:30:00,No,No,No,No,Spring,Classroom,Morning,Pistol
Saint Clair Evans Academy,Unknown,0,0,-81.695138,30.371086,2019,Jacksonville,Florida,Unknown,Unknown,,Unknown,Unknown,Elementary,04/03/2019,2024-05-16 11:00:00,No,No,Unknown,No,Spring,Off School Property,Morning,Unknown
Menta Academy North,H,0,0,-87.83950925,42.35333175,2019,Waukegan,Illinois,2 Handguns,Unknown,27.0,M,Unknown,Other,06/10/2019,2024-05-16 13:45:00,No,No,No,No,Summer,Front of School,Afternoon,Pistol
Hendley Elementary School,Unknown,0,0,-76.999555,38.828872,2019,Washington,District Of Columbia,Unknown,Unknown,,Unknown,Unknown,Elementary School,05/30/2019,2024-05-16 22:40:00,No,No,Yes,No,Spring,Front of School,Evening,Unknown
Blount Elementary School,B,0,0,-86.1324,32.3106,2019,Montgomery,Alabama,Pistol,Unknown,38.0,M,Father Of Student,Elementary School,08/08/2019,2024-05-16 07:30:00,No,No,No,No,Summer,Parking Lot,Morning,Pistol
Hollenbeck Middle School,Unknown,0,1,-118.212583,34.036765,2019,Los Angeles,California,Unknown,Unknown,,Unknown,Unknown,Middle School,08/27/2019,2024-05-16 11:00:00,No,No,Unknown,No,Summer,Cafeteria,Morning,Unknown
South Aiken High School,Unknown,0,0,-81.71303,33.521766,2019,Aiken,South Carolina,Unknown,Unknown,,Unknown,Unknown,High School,01/27/2017,2024-05-16 21:00:00,No,No,Yes,No,Winter,Beside Building,Evening,Unknown
Ridgway High School,Unknown,0,1,-122.7226,38.4497,2019,Santa Rosa,California,Unknown,Unknown,17.0,Unknown,Student,High School,10/22/2019,2024-05-16 08:56:00,No,No,Yes,No,Fall,Beside Building,Morning,Unknown
Achievement Academy,Unknown,0,1,-76.571382,39.366066,2019,Baltimore,Maryland,Unknown,Unknown,,Unknown,Unknown,High,11/11/2019,2024-05-16 14:00:00,No,No,No,No,Fall,Parking Lot,Afternoon,Unknown
Esteban Torres High School,Unknown,1,0,-118.175531,34.041846,2019,Los Angeles,California,Unknown,Police,,Unknown,Sheriff'S Deputy,High School,11/13/2019,2024-05-16 09:00:00,Unknown,Unknown,Unknown,Unknown,Fall,Courtyard,Morning,Unknown
Waukesha South High School,W,0,1,-88.2237,42.993,2019,Waukesha,Wisconsin,Handgun,Department Issued,,M,Resource Officer,High School,12/02/2019,2024-05-16 10:07:00,Unknown,No,No,Unknown,Winter,Classroom,Morning,Pistol
Oshkosh West High School,W,0,1,-88.5736,44.0225,2019,Oshkosh,Wisconsin,Handgun,Department Issued,,M,Resource Officer,High School,12/03/2019,2024-05-16 09:12:00,Unknown,Unknown,Unknown,Unknown,Winter,Hallway,Morning,Pistol
Decatur High School,Unknown,0,0,-86.97216,34.593282,2019,Decatur,Alabama,Unknown,Unknown,22.0,M,Unknown,High School,12/10/2019,2024-05-16 08:20:00,No,Yes,No,No,Winter,Parking Lot,Morning,Unknown
Sacred Heart School,Unknown,0,0,-74.083408,40.706963,2019,Jersey City,New Jersey,Unknown,Unknown,,Unknown,Unknown,K-8,12/10/2019,2024-05-16 12:30:00,No,No,No,No,Winter,Off School Property,Afternoon,Unknown
West High School,Unknown,0,0,-111.900444,40.774742,2020,Salt Lake City,Utah,Unknown,Unknown,,Unknown,Student,High School,05/24/2004,2024-05-16 06:00:00,No,Yes,No,No,Spring,Parking Lot,Morning,Unknown
Cesar Chavez Community School,Unknown,0,0,-106.583882,35.059669,2020,Albuquerque,New Mexico,Unknown,Unknown,,Unknown,Unknown,Other,02/21/2020,2024-05-16 11:20:00,No,No,Unknown,No,Winter,Front of School,Morning,Unknown
Sagemont School,B,0,1,-80.424081,26.13796,2020,Weston,Florida,Unknown,Unknown,55.0,M,Security Guard,K-12,03/05/2020,2024-05-16 12:20:00,No,No,No,No,Spring,Parking Lot,Afternoon,Unknown
Lincoln Elementary School,Unknown,0,1,-78.0429,34.2618,2020,Leland,North Carolina,Unknown,Unknown,,Unknown,Unknown,Elementary School,11/13/2020,2024-05-16 14:15:00,No,No,No,No,Fall,Playground,Afternoon,Unknown
Hendersonville Middle School,Unknown,0,1,-82.473,35.3219,2020,Hendersonville,North Carolina,Unknown,Unknown,12.0,M,Unknown,Middle School,11/25/2020,2024-05-16 07:45:00,Unknown,Unknown,No,Unknown,Fall,Gym,Morning,Unknown
Watson Chapel Junior High,B,1,0,-92.065921,34.189927,2021,Pine Bluff,Arkansas,Handgun,Unknown,15.0,M,Unknown,Middle School,03/01/2021,2024-05-16 09:59:00,No,No,No,No,Spring,Hallway,Morning,Pistol
Bishop Hartley High School,Unknown,0,0,-82.910821,39.94497,2021,Columbus,Ohio,Unknown,Unknown,,Unknown,Unknown,High School,03/09/2021,2024-05-16 20:50:00,No,Unknown,Unknown,No,Spring,Gym,Evening,Unknown
Selma High School,B,0,0,-87.022637,32.428416,2021,Selma,Alabama,Handgun,Unknown,15.0,M,Unknown,High School,03/13/1991,2024-05-16 09:35:00,No,No,No,No,Spring,Gym,Morning,Pistol
Smyrna Middle School,B,1,0,-75.623778,39.302595,2021,Smyrna,Delaware,Handgun,Unknown,47.0,M,Unknown,Middle School,04/27/2021,2024-05-16 22:25:00,No,Yes,No,No,Spring,Parking Lot,Evening,Pistol
Ware Shoals High School,W,0,0,-82.238603,34.393145,2021,Ware Shoals,South Carolina,Handgun,Mom'S Gun; Kept In Her Car,15.0,M,Unknown,High School,05/05/2021,2024-05-16 08:05:00,Unknown,No,No,Unknown,Spring,Parking Lot,Morning,Pistol
Rigby Middle School,Unknown,0,3,-111.941927,43.668498,2021,Rigby,Idaho,Handgun,Unknown,,F,Student,Middle School,05/06/2021,2024-05-16 09:15:00,Unknown,No,No,Yes,Spring,Inside School Building,Morning,Pistol
Lithonia High School,Unknown,0,1,-84.1294,33.725,2021,Lithonia,Georgia,Handgun,Unknown,,Unknown,Resource Officer,High School,08/12/2021,2024-05-16 15:00:00,Unknown,Unknown,Unknown,Unknown,Fall,Parking Lot,Afternoon,Pistol
Washington Middle School,Unknown,1,0,-106.661691,35.086144,2021,Albuquerque,New Mexico,Handgun,Unknown,13.0,M,Unknown,Middle School,08/13/2021,2024-05-16 12:45:00,Yes,No,No,No,Fall,Playground,Afternoon,Pistol
Orangeburg-Wilkinson High School,Unknown,0,3,-80.836538,33.524095,2021,Orangeburg,South Carolina,Unknown,Unknown,14.0,M,Unknown,High School,08/18/2021,2024-05-16 16:00:00,Unknown,No,Unknown,No,Fall,Parking Lot,Afternoon,Unknown
New Hanover High School,B,0,1,-77.9324,34.2374,2021,Wilmington,North Carolina,Unknown,Unknown,15.0,M,Unknown,High School,08/30/2021,2024-05-16 11:24:00,Yes,No,No,No,Fall,Hallway,Morning,Unknown
Tri-County Education Center,Unknown,0,0,-83.159362,42.450386,2021,Ferndale,Michigan,Unknown,Unknown,,M,Unknown,6-12,09/09/2021,2024-05-16 14:30:00,No,No,Unknown,No,Fall,Parking Lot,Afternoon,Unknown
Heritage High School,Unknown,0,2,-76.4272,37.0063,2021,Newport News,Virginia,Unknown,Unknown,15.0,M,Unknown,High School,09/20/2021,2024-05-16 11:40:00,No,No,Unknown,No,Fall,Hallway,Morning,Unknown
Timberview High School,B,0,4,-97.076321,32.622073,2021,Arlington,Texas,Handgun,Unknown,18.0,M,Student,High School,10/06/2021,2024-05-16 09:15:00,No,No,No,No,Fall,Classroom,Morning,Pistol
Little Rock Central High School,Unknown,0,0,-92.298954,34.736827,2021,Little Rock,Arkansas,Unknown,Unknown,,Unknown,Unknown,High School,09/02/2021,2024-05-16 08:00:00,No,No,No,No,Fall,Front of School,Morning,Unknown
Wendell Phillips Academy High School,Unknown,0,2,-87.6199,41.8244,2021,Chicago,Illinois,Unknown,Unknown,,Unknown,Unknown,High School,10/12/2021,2024-05-16 14:30:00,No,No,Unknown,Yes,Fall,Entryway,Afternoon,Unknown
Cathedral School,Unknown,0,0,-91.394805,31.562163,2021,Natchez,Mississippi,Unknown,Unknown,,Unknown,Unknown,K-12,10/26/2021,2024-05-16 09:20:00,No,No,No,No,Fall,Classroom,Morning,Unknown
Poughkeepsie High School,Unknown,0,0,-73.9138,41.6948,2021,Poughkeepsie,New York,.38-Caliber Handgun,Unknown,13.0,M,Student,High School,11/15/2021,2024-05-16 15:15:00,No,No,No,No,Fall,Front of School,Afternoon,Pistol
P.S. 44,Unknown,0,0,-73.891,40.8425,2021,Bronx,New York,Handgun,Unknown,45.0,M,Unknown,Elementary,11/16/2021,2024-05-16 14:15:00,No,No,Unknown,No,Fall,Front of School,Afternoon,Pistol
Hinkley High School,Unknown,0,3,-104.8086,39.7349,2021,Aurora,Colorado,Unknown,Unknown,16.0,Unknown,Student,High School,11/19/2021,2024-05-16 13:50:00,No,No,Unknown,No,Fall,Parking Lot,Afternoon,Unknown
Thornton Township High School,Unknown,0,0,-87.643734,41.61606,2021,Harvey,Illinois,Unknown,Unknown,,Unknown,Unknown,High School,11/24/2021,2024-05-16 15:00:00,No,No,Unknown,No,Fall,Front of School,Afternoon,Unknown
Oxford High School,W,4,7,-83.260782,42.838243,2021,Oxford,Michigan,9Mm Handgun,Parent,15.0,M,Student,High School,08/31/2006,2024-05-16 21:40:00,No,No,No,No,Summer,Football Field/Track,Evening,Pistol
Sam Rayburn High School,Unknown,0,0,-95.182324,29.678303,2021,Pasadena,Texas,Unknown,Unknown,21.0,M,Unknown,High School,12/12/2017,2024-05-16 18:00:00,No,No,No,No,Winter,Parking Lot,Evening,Unknown
West Charlotte High School,Unknown,0,0,-80.8585,35.2654,2021,Charlotte,North Carolina,Unknown,Unknown,,Unknown,Student,High School,12/13/2021,2024-05-16 14:16:00,No,No,No,No,Winter,Parking Lot,Afternoon,Unknown
Eau Claire High School,Unknown,0,0,-81.040984,34.048231,2021,Columbia,South Carolina,Unknown,Unknown,15.0,M,Student,High School,01/24/1994,,Yes,No,No,No,Winter,Hallway,Unknown,Unknown
Auburn High School,B,0,2,-89.137895,42.286784,2022,Rockford,Illinois,9Mm Handgun,Unknown,16.0,M,Unknown,High School,01/04/2022,2024-05-16 13:50:00,No,No,No,No,Winter,Parking Lot,Afternoon,Pistol
Seminole High School,B,0,1,-81.283,28.7793,2022,Sanford,Florida,9Mm Handgun,Unknown,16.0,M,Student,High School,01/19/2022,2024-05-16 23:57:00,No,Yes,No,No,Winter,Bathroom,Evening,Pistol
Magruder High School,Unknown,0,1,-77.1183,39.1313,2022,Rockville,Maryland,Unknown,Unknown,17.0,M,Student,High School,01/21/2022,2024-05-16 12:53:00,No,No,Unknown,No,Fall,Bathroom,Afternoon,Unknown
South Education Center,H,1,1,-93.310844,44.868045,2022,Richfield,Minnesota,Unknown,Unknown,19.0,M,Student,K-12,02/01/2022,2024-05-16 12:04:00,No,No,Yes,No,Winter,Front of School,Afternoon,Unknown
Mount Vernon High School,Unknown,0,0,-73.8151,40.9258,2022,Mount Vernon,New York,Unknown,Unknown,,Unknown,Unknown,High School,02/08/2022,2024-05-16 14:30:00,No,No,Unknown,No,Winter,Front of School,Afternoon,Unknown
Olathe East High School,B,0,2,-94.7539,38.8959,2022,Olathe,Kansas,Unknown,Unknown,18.0,M,Student,High School,03/04/2022,2024-05-16 10:30:00,No,No,No,Unknown,Spring,Office,Morning,Unknown
East High School,Unknown,1,2,-93.600681,41.5969,2022,Des Moines,Iowa,Unknown,Unknown,,Unknown,Unknown,High School,03/07/2022,2024-05-16 02:50:00,No,No,Yes,No,Spring,Front of School,Unknown,Unknown
North Gardens High School,Unknown,0,3,-80.276769,25.938839,2022,Miami Gardens,Florida,Glock,Unknown,17.0,M,Unknown,High School,03/09/2022,2024-05-16 13:30:00,No,No,Unknown,No,Spring,Front of School,Afternoon,Pistol
De Anza High School,Unknown,0,1,-122.288035,37.969409,2022,Richmond,California,Unknown,Unknown,,Unknown,Student,High School,09/27/2019,2024-05-16 21:00:00,No,No,Yes,No,Fall,Off School Property,Evening,Unknown
Eisenhower High School,Unknown,1,0,-120.565796,46.591635,2022,Yakima,Washington,Unknown,Unknown,15.0,M,Student,High School,03/15/2022,2024-05-16 15:00:00,No,No,Yes,No,Winter,Parking Lot,Afternoon,Unknown
Rippon Middle School,B,0,0,-77.2671,38.6226,2022,Woodbridge,Virginia,Rifle And Shotgun,Unknown,20.0,M,Unknown,Middle School,03/24/2022,2024-05-16 11:11:00,No,Yes,No,No,Spring,Beside Building,Morning,Rifle
Western High School,Unknown,0,2,-115.202879,36.176163,2022,Las Vegas,Nevada,Unknown,Unknown,,Unknown,School Police Officer,High School,01/09/2007,2024-05-16 06:30:00,No,No,No,No,Winter,Parking Lot,Morning,Unknown
Erie High School,Unknown,0,1,-80.082293,42.101896,2022,Erie,Pennsylvania,9Mm Handgun,Unknown,14.0,M,Student,High School,11/02/2020,2024-05-16 00:05:00,Unknown,No,No,No,Fall,Cafeteria,Unknown,Pistol
Pine Bluff High School,Unknown,0,0,-92.010781,34.219096,2022,Pine Bluff,Arkansas,Unknown,Unknown,,M,Student,High School,04/11/2022,2024-05-16 14:45:00,No,No,Unknown,No,Spring,Parking Lot,Afternoon,Unknown
Edmund Burke School,Unknown,0,4,-77.06209293,38.94304098,2022,Washington,District Of Columbia,Sniper Rifle,Unknown,23.0,M,Unknown,6-12,04/22/2022,2024-05-16 15:20:00,Unknown,No,No,Yes,Spring,Hallway,Afternoon,Rifle
Heights High School,Unknown,0,1,-95.3935,29.795384,2022,Houston,Texas,Ak Pistol,Unknown,17.0,M,Student,High School,05/12/2022,2024-05-16 13:15:00,No,No,Unknown,No,Spring,Parking Lot,Afternoon,Pistol
Walt Disney Magnet School,Unknown,0,1,-87.6469,41.9568,2022,Chicago,Illinois,Unknown,Unknown,8.0,M,Student,K-8,05/17/2022,2024-05-16 10:00:00,No,No,No,No,Spring,Classroom,Morning,Unknown
Mexia High School,Unknown,0,0,-96.473307,31.696012,2022,Mexia,Texas,Unknown,Unknown,17.0,M,Student,High School,05/16/2022,2024-05-16 11:20:00,No,No,Unknown,No,Spring,Bathroom,Morning,Unknown
Robb Elementary School,H,21,12,-99.78812,29.199304,2022,Uvalde,Texas,Unknown,Unknown,18.0,M,Unknown,Elementary School,05/24/2022,2024-05-16 11:30:00,Unknown,Unknown,No,Yes,Spring,Inside School Building,Morning,Unknown
Beechcroft High School,Unknown,0,0,-82.9647,40.0942,2023,Columbus,Ohio,Unknown,Unknown,15.0,Unknown,Student,High School,09/16/2021,2024-05-16 21:53:00,No,No,Unknown,No,Fall,Parking Lot,Evening,Unknown
William Penn High School,Unknown,0,0,-75.584879,39.668622,2023,New Castle,Delaware,Handgun,Unknown,16.0,M,Student,High School,02/09/2006,2024-05-16 20:50:00,No,No,No,No,Winter,Parking Lot,Evening,Pistol
Taylorsville High School,Unknown,0,0,-111.936978,40.655508,2023,Taylorsville,Utah,Unknown,Unknown,,Unknown,Student,High School,10/12/2001,,No,No,No,No,Fall,Hallway,Unknown,Unknown
Palo Duro High School,Unknown,0,1,-101.824434,35.228498,2023,Amarillo,Texas,Unknown,Unknown,,Unknown,Unknown,High School,09/11/1992,2024-05-16 10:00:00,No,No,No,No,Fall,Hallway,Morning,Unknown
Anniston High School,Unknown,0,1,-85.82,33.6612,2023,Anniston,Alabama,Unknown,Unknown,,Unknown,Student,High School,04/30/1982,2024-05-16 07:25:00,No,No,No,No,Spring,Parking Lot,Morning,Unknown
George Wythe High School,Unknown,0,2,-77.483075,37.510274,2023,Richmond,Virginia,Unknown,Unknown,18.0,M,Student,High School,05/19/2022,2024-05-16 14:13:00,No,No,Unknown,No,Spring,Parking Lot,Afternoon,Unknown
